Year,Ruling Party ,Event,News Headline,News Body,Source Link,Date,News Corpora Name,Govt Leaning,Govt Critique,Neutral
2000,বি এন পি ,২০০১ নির্বাচন আওয়ামী লীগের ক্ষমতা পতন,আওয়ামী লীগ ২০০১ সালে শান্তিপূর্ণভাবে ক্ষমতা হস্তান্তর করেছিল,"শেখ হাসিনা বলেছেন, বাংলাদেশের ইতিহাসে একমাত্র আওয়ামী লীগ ২০০১ সালে শান্তিপূর্ণভাবে ক্ষমতা হস্তান্তর করেছিল। এছাড়া কোনো সরকার তা করেনি, বরং প্রাণহানি ঘটিয়েছে।

শনিবার সন্ধ্যায় ঐতিহাসিক সোহরাওয়ার্দী উদ্যানে আয়োজিত স্বাধীনতার সুবর্ণজয়ন্তীর সমাপনী অনুষ্ঠানে গণভবন থেকে ভার্চ্যুয়ালি যুক্ত হয়ে এসব কথা বলেন তিনি।

প্রধানমন্ত্রী বলেন, ১৯৭৫ সালের ১৫ আগস্ট আমরা দুই বোন আমাদের আপনজনকে হারিয়েছিলাম। কিন্তু বাংলাদেশের মানুষ কী হারিয়েছিল? বাংলাদেশের মানুষের সব আশার প্রদীপ নিভে গিয়েছিল। যে আদর্শ নিয়ে এ দেশের মানুষ সংগ্রাম করেছিল, সে আদর্শ ধূলিস্যাৎ হয়েছিল। ২১ বছর এ দেশের মানুষ অন্ধকারে ছিল। এসময় বাংলাদেশের ইতিহাস পদদলিত করার চেষ্টা হয়। কিন্তু সত্যের জয় হয়ই। আজ সেটাই হয়েছে।

শেখ হাসিনা বলেন, ২১ বছর পর আওয়ামী লীগ ক্ষমতায় আসে। মাত্র ৫ বছর ক্ষমতায় ছিল। বাংলাদেশের ইতিহাসে শান্তিপূর্ণভাবে ক্ষমতা হস্তান্তর ২০০১ সালে করেছিলাম। এছাড়া যদি আমরা বাংলাদেশের ইতিহাস পর্যালোচনা করি, তবে দেখা যায়, কোনো দিনই ক্ষমতা শান্তিপূর্ণভাবে হস্তান্তর করা হয়নি।

সরকার প্রধান বলেন, যে উন্নয়নের যাত্রা আমরা শুরু করেছিলাম, ২০০১ সালে যারা সরকারে এসেছিল, তারা থামিয়ে দিয়েছিল। আবারও আমরা একটা অন্ধকার যুগে প্রবেশ করি। অন্যায়ের বিরুদ্ধে আমরা সব সময় প্রতিবাদ করি। এর ফলে ২০০৮ সালের নির্বাচনে আমরা ক্ষমতায় আসি।

তিনি বলেন, বাংলাদেশের মানুষের প্রতি কৃতজ্ঞতা জানাই ২০০৯ থেকে ২০২২ সাল, এ সময় তারা বার বার ভোট দিয়ে তাদের সেবা করার সুযোগ দিয়েছেন। ফলে আমরা জাতির পিতার জন্মশতবার্ষিকী পালন করার সুযোগ পেয়েছি। স্বাধীনতার সুবর্ণজয়ন্তী উদযাপনের সুযোগ পেয়েছি।

তিনি আরও বলেন, বাংলাদেশের উন্নয়নের যাত্রা হিসাব করলে ৫০ বছরের মধ্যে ২৯ বছর উন্নয়ন হয়নি। কেবল জাতির পিতা বঙ্গবন্ধু শেখ মুজিবুর রহমান যখন ক্ষমতায় ছিলেন, যুদ্ধবিধ্বস্ত দেশ গড়ে তুলে তিন উন্নয়নের পথে অগ্রযাত্রা শুরু করেছিলেন। আর ৯৬ সালে আওয়ামী লীগ ক্ষমতায় এসে আওয়ামী লীগ যখন সরকার গঠন করে, তখন এ দেশের মানুষ কিছুটা উন্নয়নের ছোঁয়া পায়। তার পর ২০০৯ সালে যখন আমরা সরকার গঠন করি। এখন আমরা উন্নয়নশীল দেশের মর্যাদা পেয়েছি।

এসময় অপ্রতিরোধ্য অগ্রযাত্রা অব্যাহত রাখার আহ্বান জানিয়ে বঙ্গবন্ধুকন্যা বলেন, সুবর্ণজয়ন্তীর সাফল্যময় পথ ধরেই এগিয়ে যেতে হবে।

এর আগে জাতীয় সংসদের স্পিকার ড. শিরীন শারমিন, শিক্ষামন্ত্রী ডাক্তার দীপু মনি এবং মুক্তিযুদ্ধ মন্ত্রণালয়ের দায়িত্বরত মন্ত্রী আ ক ম মোজাম্মেল হক বক্তব্য দেন।

তাদের পদরচারণায় মুখরিত হয় সোহরাওয়ার্দী উদ্যান। বিগত ৫০ বছরে দেশের উল্লেখযোগ্য অর্জন নিয়ে সাজানো হয় অনুষ্ঠান। শিল্পীদের এ আয়োজনে থাকছে ‌’৭১ এর অর্জিত স্বাধীনতা, আত্মত্যাগ, জাতিরাষ্ট্র হিসেবে বাংলাদেশের মাথা তুলে দাঁড়ানোর গল্প।

",https://www.bd-pratidin.com/national/2022/03/26/753669,"২৬ মার্চ, ২০২২",বাংলাদেশ প্রতিদিন ,Yes,No ,No
2000,বি এন পি ,২০০১ নির্বাচন আওয়ামী লীগের ক্ষমতা পতন,২০০১-এর নির্বাচনের ফল আগেই ঠিক করা ছিল: হাসিনা,"বঙ্গবন্ধু হত্যাকাণ্ডের ২১ বছর পর ১৯৯৬ সালের নির্বাচনে জয়ী হয়ে রাষ্ট্র ক্ষমতায় আসে আওয়ামী লীগ। পাঁচ বছর পরের নির্বাচনে বিএনপি নেতৃত্বাধীন চারদলীয় জোট সরকারের কাছে হেরে যায় তারা।
শুরু থেকে ওই নির্বাচনে কারচুপির অভিযোগ করে আসা আওয়ামী লীগ সভানেত্রী শেখ হাসিনা বলেছেন, পরে তিনি প্রধানমন্ত্রীর দপ্তর থেকে একটি ‘ডকুমেন্ট’ উদ্ধার করেন, যাতে কোন কোন আসন আওয়ামী লীগ দেওয়া হবে আর কোনটা দেওয়া হবে না তা আগেই ঠিক করে রাখা হয়েছিল লাল, সবুজ কালিতে চিহ্নিত করে।

প্রয়াত প্রধান বিচারপতি লতিফুর রহমান নেতৃত্বাধীন তত্ত্ববধায়ক সরকারের অধীনে অনুষ্ঠিত ওই নির্বাচনে আওয়ামী লীগ পেয়েছিল ৬২ আসন, অপরদিকে দুই শতাধিক আসনে জয়ী হয়ে সরকার গঠন করে বিএনপি-জামায়াতে ইসলামী নেতৃত্বাধীন চারদলীয় জোট।
ওই নির্বাচনে আন্তর্জাতিক ষড়যন্ত্রের অভিযোগ করে ভোটের আগে সাবেক মার্কিন প্রেসিডেন্ট জিমি কার্টারের বাংলাদেশ সফরে একটি ঘটনা এর আগেও বিভিন্ন সময়ে উল্লেখ করেছিলেন শেখ হাসিনা।
তার ভাষ্যমতে, জিমি কার্টারের সম্মানে তখনকার প্রধান উপদেষ্টা লতিফুর রহমান মধ্যাহ্ন ভোজের আয়োজন করেন। সেখানে তার এবং খালেদা জিয়ার উপস্থিতিতে গ্যাস বিক্রির বিষয়টি আলোচনায় এলে তিনি ‘না’ বলে দেন। তিনি ওই অনুষ্ঠান থেকে চলে গেলেও বিএনপি নেতারা সেখানে ছিলেন।

এরপর ‘গ্যাস বিক্রির মুচলেকা’ দিয়ে বিএনপির ক্ষমতা লাভের অভিযোগ করে আসা শেখ হাসিনা শুক্রবার বলেন, “যাই হোক আসতে পারলাম না। একটা ষড়যন্ত্রের শিকার। আপনারা জানেন, আমাদের গ্যাস বিক্রি করতে হবে। সেই গ্যাস বিক্রি করবে আমেরিকা, কিনবে ভারত। আমি বললাম, আমার এতো গ্যাস নাই, আমি দিতে পারব না।
“স্বাভাবিকভাবে দুটো দেশই একটু বিগড়ে গেল। আর নির্বাচনটাও হল সেভাবেই। একেবারে হাতে তুলে আমাদের হারানো হল। আমরা ভোটে হারিনি। ভোট কিন্তু আমরা বেশি পেয়েছিলাম এত বাধার পরেও। কিন্তু গোনা সিটে আমরা হেরে গেলাম। সেখানে আমাদের কম দেওয়া হল।”
এ বিষয়ে দালিলিক প্রমাণ পাওয়ার কথা তুলে ধরে তিনি বলেন, “পরবর্তীতে আমি প্রধানমন্ত্রীর অফিস থেকে একটা ডকুমেন্ট বের করেছিলাম। যেখানে তখনই মার্ক করা ছিল যে, কোন কোন সিট আমাদের দেওয়া হবে আর কোনটা দেওয়া হবে না।
“কোনোটা লাল কালি দেওয়া, কোনোটা হলুদ কালি দেওয়া, কোনোটা সবুজ দেওয়া, কোনোটা নীল দেওয়া। এইভাবে কিন্তু একেবারে তৈরি করা। সেটা থেকেই বোঝা যায়, নির্বাচনটা তখন কেমন হয়েছিল।”
ওই রকম ‘কারচুপির’ নয়, তারা ‘নিরপেক্ষ’ নির্বাচন করতে চান বলে উল্লেখ করেন শেখ হাসিনা।
তিনি বলেন, “জনগণের জন্য কাজ করেছি। জনগণ যদি খুশি হয়ে ভোট দেয় আছি ক্ষমতায় না দিলে নাই। কিন্তু দেশের ভাগ্যটা পরিবর্তন করা- এটাই আমাদের লক্ষ্য।”
প্রশাসনের সাবেক তিন শতাধিক ঊর্ধ্বতন কর্মকর্তা প্রধানমন্ত্রী শেখ হাসিনার নেতৃত্বের প্রতি সমর্থনের কথা জানাতে বিকালে গণভবনে এলে বক্তব্যে এসব বলেন তিনি।
সরকারের উন্নয়ন কর্মকাণ্ড জনগণের কাছে তুলে ধরতে সাবেক কর্মকর্তাদের প্রতি আহ্বান জানিয়ে আওয়ামী লীগ সভানেত্রী বলেন, স্বাধীনতাবিরোধী, অগ্নিসন্ত্রাসীরা ক্ষমতায় এলে দেশের সব কিছু ‘ধ্বংস করে দেবে’।
তিনি বলেন, “বাংলাদেশ এগিয়ে যাচ্ছে, এগিয়ে যাবে। আমরা চাই না ওই খুনীর দল, যুদ্ধাপরাধীর দল আর স্বাধীনতাবিরোধী, অগ্নিসন্ত্রাস যারা করে তারা আর এই দেশে ক্ষমতায় আসুক।
“কেউই চাই না। কারণ দেশটাকে তারা ধ্বংস করে দেবে। আমরা ধ্বংস চাই না। আমরা অগ্রগতির দিকে এগিয়ে যেতে চাই।”
শেখ হাসিনা বলেন, “আর সেই বিভীষিকাময় অবস্থায় দেশ যাক সেটা আমরা চাই না। অগ্নিসন্ত্রাস, বাংলাভাই, জঙ্গিবাদ এগুলো সৃষ্টি হোক, অর্থপাচার, দুর্নীতি, মাদক, অস্ত্র, সন্ত্রাসী কর্মকাণ্ড-এটা আর বাংলাদেশের মানুষ চায় না।”
২০০৮ সালের নির্বাচনে দিনবদলের সনদ ঘোষণার কথা উল্লেখ করে তিনি বলেন, “আজকে অন্তত এটা দাবি করতে পারি, দিনবদলের সনদ কার্যকর হয়ে প্রকৃতপক্ষে মানুষের জীবন বদলে গেছে। এখন মানুষ কিন্তু অনেক উন্নত-সুন্দর জীবন পাচ্ছে। কিন্তু আরো উন্নতি আমাদের করতে হবে।
“দারিদ্র্যের হার ২১ শতাংশে নামিয়েছি। যতক্ষণ পর্যন্ত আরো অন্তত ৫ শতাংশ না নামাব ততক্ষণ পর্যন্ত কাজ করতে হবে। ঠিক সেভাবে দেশের উন্নয়নের যে বিভিন্ন কর্মসূচি বাস্তবায়ন করে যাচ্ছি; যেমন পদ্মা সেতু। সব থেকে চ্যালেঞ্জ ছিল। কিন্তু সেগুলোতো বাস্তবায়ন করতে হবে। না হলে আবার হয়ত সব ধ্বংস হয়ে যাবে। খাদ্য উৎপাদনে যে অবস্থান তৈরি করেছি, না হলে সে জায়গাগুলো আবারও ধ্বংস হয়ে যাবে।” 
আওয়ামী লীগ আবার ক্ষমতায় আসতে না পারলে চলমান এসব কাজ শেষ হবে না বলে শঙ্কা প্রকাশ করেন শেখ হাসিনা।
“করবে না। করবে না এই কারণেই যারা স্বাধীনতায় বিশ্বাস করে না, যারা বাংলাদেশ এগিয়ে যাক চায় না, বাংলাদেশের মানুষ ভালো থাক সেটা চায় না- তারা করবে কেন?”
১৯৯৬ সালে আওয়ামী লীগ নেতৃত্বাধীন সরকার ক্ষমতায় এলে দেশের বিভিন্ন উন্নয়নের কথা তুলে ধরে তিনি বলেন, “২০০১ সাল পর্যন্ত আমরা দেশের বিভিন্ন খাতের অনেক উন্নতি করেছিলাম। আমাদের সব সময় একটাই লক্ষ্য, দেশের উন্নয়ন করা। আমরা ভিক্ষুকের জাতি হয়ে থাকতে চাই না। মুক্তিযুদ্ধ করেছি, সব সময় মাথা উঁচু করে চলব।”
২০০১ সালে বিএনপি-জামায়াত জোট ক্ষমতায় আসার পর মুক্তিযুদ্ধের পক্ষের সরকারি কর্মকর্তারা কীভাবে নির্যাতিত হয়েছিলেন, তা তুলে ধরেন সাবেক কর্মকর্তারা। আবারও আওয়ামী লীগকে নির্বাচনে জয়ী করতে মাঠে নামার অঙ্গীকার করেন তারা।
২০১৪ সালে নির্বাচন ঠেকানোর নামে বিএনপির আন্দোলনের সমালোচনা করে তিনি বলেন, “আমি জানি না, কখনো কেউ এ ধরনের কাজ করতে পারে যে, জীবন্ত মানুষকে কেউ পুড়িয়ে হত্যা করে। এর থেকে জঘন্য কাজ আর পৃথিবীতে কিছু হয় না। এটাই নাকি তাদের আন্দোলন ছিল।
“আজকে দেশের মানুষ কিন্তু বুঝতে পারে। দেশের মানুষ জানে সেটা। তারপরেও যত কাজই করি না কেন,  শুধু কাজ করলেই যে দেশের মানুষ ভোট দেবে তা কিন্তু না। মানুষকে কিন্তু স্মরণ করিয়ে দিতে হয়। মানুষকে বলতে হয়, এই সরকার আপনাদের জন্য এই করেছে। আগামীতে এই করবে। সেটা স্মরণ করিয়ে দিতে হয়।”
সবার প্রতি জনগণের কাছে এসব বক্তব্য নিয়ে যাওয়ার আহ্বান জানান তিনি।
অনুষ্ঠানের শুরুতে সূচনা বক্তব্যে প্রধানমন্ত্রীর সাবেক মুখ্য সচিব কামাল আবদুল নাসের চৌধুরী বলেন, “প্রধানমন্ত্রী শেখ হাসিনার গতিশীল নেতৃত্বে বাংলাদেশ এগিয়ে যাচ্ছে। আমরা তার নেতৃত্বের প্রতি সমর্থন ও সংহতি প্রকাশ করতে এসেছি।”
শেখ হাসিনার টানা দুই মেয়াদে প্রধানমন্ত্রিত্বের সময়ে বাংলাদেশে উন্নয়নের বিভিন্ন চিত্র তুলে ধরেন তিনি।
বিএনপি-জামায়াত নেতৃত্বাধীন চারদলীয় জোট সরকারের শাসনামলের কথা উল্লেখ করে কামাল আবদুল নাসের চৌধুরী বলেন, “আমরা অন্ধকার সময়ে ফিরে যেতে চাই না। আপনার নেতৃত্বের প্রতি সমর্থন ও সংহতি প্রকাশ করছি। আপনার নেতৃত্বে বাংলাদেশ পরিণত হবে সমৃদ্ধশীল বাংলাদেশে।”
কৃষিমন্ত্রী মতিয়া চৌধুরী, বাণিজ্যমন্ত্রী তোফায়েল আহমেদ, প্রধানমন্ত্রীর রাজনৈতিক উপদেষ্টা এইচ টি ইমাম, আওয়ামী লীগের কেন্দ্রীয় নেতা জাহাঙ্গীর কবির নানক, আব্দুর রহমান, বিএম মোজাম্মেল প্রমুখ অনুষ্ঠানে উপস্থিত ছিলেন।
আগামী ৩০ ডিসেম্বর একাদশ সংসদ নির্বাচনে ভোটগ্রহণ হবে। টানা দুই মেয়াদে ক্ষমতায় থাকা আওয়ামী লীগ আবার ভোটে জিততে আশাবাদী।

",https://bangla.bdnews24.com/11thparliamentaryelection/article1568858.bdnews,07 Dec 2018,বাংলা বিডিনিউজ ২৪ ,No,Yes,No
2000,বি এন পি ,২০০১ নির্বাচন আওয়ামী লীগের ক্ষমতা পতন,2001 Bangladeshi general election,,https://en.wikipedia.org/wiki/2001_Bangladeshi_general_election,,Wikipedia,No,No ,Yes
2000,বি এন পি ,২০০১ নির্বাচন আওয়ামী লীগের ক্ষমতা পতন,https://www.theguardian.com/world/2007/jul/16/bangladesh,"Bangladesh's former prime minister Sheikh Hasina Wajed was arrested by hundreds of armed police in a dawn raid today and held in prison on charges of extortion - the most high-profile arrest in an anti-graft crackdown by the military-backed government.

Sheikh Hasina, who ruled the impoverished country from 1996 to 2001, was accused by two businessmen in separate cases of extortion totalling 80 million taka (£570,000).

Her supporters immediately took to the streets after the arrest although eyewitnesses said protesters had been dispersed by police firing tear gas and bullets into the crowds.

The Awami League, led by Sheikh Hasina, says the moves are designed to prevent her contesting an upcoming national election scheduled for late 2008. Sajeeb Wazed Joy, Sheikh Hasina's influential son who lives in the United States, said his mother's detention was a conspiracy to remove her from politics.

""I have spoken to my mother. She told me about the police action ... it's part of a deep-rooted conspiracy,"" he told reporters in Dhaka by telephone.

These claims were denied by the head of Bangladesh's army-backed interim government, Fakhruddin Ahmed. The former World Bank economist told reporters after the arrest that no one in the country was above law. ""Anyone involved in corruption will be tracked down and prosecuted.""

Bangladesh is under a state of emergency imposed by the interim administration, which took charge in January.

Although initially welcomed by the international community for stabilising the country, the new administration has been criticised for back-pedalling on its pledge to organise quickly a fresh election and relinquish power.

Both Sheikh Hasina and her political rival Begum Khaleda Zia have been thrown together by the new government's zeal to ""clean up"" politics.

Mrs Zia, the leader of the Bangladesh Nationalist party (BNP), was today summoned for tax evasion to appear in court on August. Mrs Zia's son, Tareque, has already been detained for corruption and abuse of power.

Sheikh Hasina and Mrs Zia, called the ""battling begums"" for their intense political rivalry, ran the country alternately from 1991 to 2006. Many accuse the pair of bringing the country to the brink of anarchy last year.

The new government attempted to exile both in April as part of its efforts to reshape Bangladesh politics, although it later abandoned the plan.

""What [the old parties] have become concerned about [is] being replaced by new political parties that are being created [by the new administration]. The interim government denies this,"" Haroon Habib, a Dhaka-based political writer, told Delhi's NDTV.

Since January, an estimated 200,000 people, including hundreds of leading politicians and businessmen, have been jailed under emergency rules that suspend civil rights and ban political activity.

Critics say Bangladesh used to be the world's second-largest Muslim democracy, after Indonesia. But after the bloodless coup it is turning into the world's second-largest military regime, after Pakistan.

",https://www.theguardian.com/world/2007/jul/16/bangladesh,02/08/2007,The Guardian,No,No ,Yes
2000,বি এন পি ,২০০১ নির্বাচন আওয়ামী লীগের ক্ষমতা পতন,Khaleda sworn in premier,"DHAKA, Oct 10: Begum Khaleda Zia, who swept to power in an election this month, was sworn in as Bangladesh’s prime minister on Wednesday and pledged to combat terrorism.

President Shahabuddin Ahmed administered the oath of office to Khaleda and her cabinet in a ceremony at the presidential palace.

Former prime minister Sheikh Hasina has said the Oct 1 election was rigged.

But Khaleda Zia rejects the allegation. “The people have voted us to power,” she said while talking to reporters after being sworn in. “We will try our best to fulfil their aspirations.

“My government’s priority will be to combat terrorism which had robbed the people of peace and deterred development,” Begum Zia said, adding that she would also strive to solve the country’s growing unemployment problem.

Khaleda hoped the opposition headed by her predecessor Hasina would come to parliament to play a constructive role to strengthen democracy.

Khaleda’s Bangladesh Nationalist Party (BNP) and its allies won more than two-thirds of parliament’s 300 seats in the vote, against 62 for Hasina’s Awami League.

Hasina has rejected the results and asked for a fresh election.

Domestic and international monitors said the election, supervised by a non-party caretaker government as required by the constitution, had been largely free and fair. They urged Hasina to accept the outcome.

Khaleda became Bangladesh’s first woman prime minister in 1991, but lost to Hasina in a 1996 poll.—Reuters",https://www.dawn.com/news/989/khaleda-sworn-in-premier,10/11/2001,DAWN,No,No ,Yes
2001,বি এন পি ,দুর্নীতিতে চ্যাম্পিয়ন ,দুর্নীতির ধারণা সূচকে শীর্ষে বাংলাদেশ,"দুর্নীতি বিরোধী আন্তর্জাতিক সংস্থা ট্রান্সপারেন্সি ইন্টারন্যাশানাল বিশ্বের বিভিন্ন দেশে দূর্নীতির মাত্রার যে বার্ষিক সূচক প্রকাশ করেছে তাতে আবার বাংলাদেশকে সবচেয়ে দুর্নীতিগ্রস্থ দেশ হিসেবে চিহ্নিত করা হয়েছে৻

এই নিয়ে একটানা পাঁচবার বাংলাদেশ, বার্লিন ভিত্তিক এই সংস্থার তৈরী দুর্নীতির ধারণা সূচকে, সবচেয়ে দুর্নীতিগ্রস্ত দেশ হিসেবে চিহ্নিত হলো৻ তবে এবারে বাংলাদেশের সঙ্গে একই জায়গায় রয়েছে মধ্য আফ্রিকার দেশ চাদ৻

তাদের রিপোর্ট প্রকাশ করে ট্রান্সপারেন্সি ইন্টারন্যাশানাল বলছে, দূর্নীতি হলো বিশ্বে দারিদ্রের একটি বড় কারণ৻ দারিদ্র দূরীকরণের যে লক্ষ্য, তা পূরণের জন্য দূর্নীতি মোকাবিলায় আরো জোরদার উদ্যোগ নেওয়ার আহ্বান জানিয়েছে ট্রান্সপারেন্সি ইন্টারন্যাশানাল ৻

আন্তর্জাতিক এই সংস্থা যে পদ্ধতিতে তালিকা তৈরী করে তা নিয়ে বাংলাদেশ সরকার বিভিন্ন সময়ে প্রশ্ন তুলেছে৻ এবারেও সরকার বলেছে এই রিপোর্ট তথ্য নির্ভর নয়৻ বাংলাদেশের যোগাযোগ মন্ত্রী নাজমুল হুদা বলেছেন, বিভিন্ন পত্র-পত্রিকায় প্রকাশিত খবরের ওপর ভিত্তি করে যে তালিকা প্রকাশিত হয় তার লক্ষ্য হলো আন্তর্জাতিক মহলে বাংলাদেশের ভাবমূর্তি খারাপ করা৻

ট্রান্সপারেন্সি ইন্টারন্যাশানালের বাংলাদেশ শাখার প্রধান ড: ইফতেখারুজ্জামান অবশ্য দাবী করেছেন যে পত্র-পত্রিকায় প্রকাশিত কোনো খবরের ভিত্তিতে তারা এই তালিকা প্রস্তুত করেন না বরং তাদের ভিত্তি হলো অর্থনীতি বিষয়ক শীর্ষস্থানীয় কয়েকটি শিক্ষা ও গবেষণা প্রতিষ্ঠানের জরিপ৻

তিনি মনে করেন, দুর্নীতি দমনের ক্ষেত্রে প্রাতিষ্ঠানিক দূর্বলতার জন্যই বাংলাদেশ বারবার তালিকার শীর্ষে থাকছে৻ তিন এক্ষেত্রে রাজনৈতিক সদিচ্ছার প্রয়োজনীয়তার কথা বলেন৻

বাংলাদেশ সরকার অবশ্য দাবী করছে, দুর্নীতি দমনে তারা যথাযথ পদক্ষেপ নিয়েছেন এবং স্বাধীন দুর্নীতি দমন কমিশনের গঠন এক্ষেত্রে একটি উল্লেখযোগ্য অগ্রগতি৻ বাংলাদেশে দুর্নীতির বিরুদ্ধে লড়াইয়ে কিছুটা অগ্রগতি হয়েছে একথা স্বীকার করলেও, ট্রান্সপারেন্সি বাংলাদেশ শাখার প্রধান বলছেন দুর্নীতি দমন কমিশনের অর্থনৈতিক স্বাধীনতা সুনিশ্চিত করা না গেলে তারা কার্যকর ভূমিকা নিতে পারবে না৻",https://www.bbc.com/bengali/news/story/2005/10/printable/051018_tbbdcorruption,10/18/2005,BBC Bangla,No,Yes,No
2001,বি এন পি ,দুর্নীতিতে চ্যাম্পিয়নদের মুখে দুর্নীতি নিয়ে মন্তব্য হাস্যকর: তথ্যমন্ত্রী,দুর্নীতিতে চ্যাম্পিয়নদের মুখে দুর্নীতি নিয়ে মন্তব্য হাস্যকর: তথ্যমন্ত্রী,"তথ্যমন্ত্রী ও আওয়ামী লীগের যুগ্ম সাধারণ সম্পাদক হাছান মাহমুদ বলেছেন, দুর্নীতিতে চ্যাম্পিয়নদের মুখে দুর্নীতি নিয়ে মন্তব্য হাস্যকর।

আজ শনিবার সন্ধ্যায় রাজধানীর শাহবাগে কেন্দ্রীয় গণগ্রন্থাগারের শওকত ওসমান মিলনায়তনে ১৪তম আন্তর্জাতিক শিশু চলচ্চিত্র উৎসবের উদ্বোধনী অনুষ্ঠানে প্রধান অতিথির বক্তব্য শেষে সাংবাদিকদের এক প্রশ্নের জবাবে তিনি এ কথা বলেন।

সম্প্রতি কুয়েতের একটি আদালতে মানব ও অর্থ পাচারের মামলায় লক্ষ্মীপুর-২ আসনের সাংসদ শহিদ ইসলাম ওরফে পাপুলের সাজা হওয়ার পর বিএনপি নেতা রুহুল কবির রিজভীর মন্তব্য প্রসঙ্গে দৃষ্টি আকর্ষণ করলে হাছান মাহমুদ বলেন, ‘বিএনপির দুর্নীতির কারণে তাদের আমলে দেশ পরপর পাঁচবার দুর্নীতিতে বিশ্ব চ্যাম্পিয়ন হয়েছিল। যাদের আমলে দেশ পরপর চারবার একক ও একবার যুগ্মভাবে দুর্নীতিতে বিশ্ব চ্যাম্পিয়ন হয়, তাদের মুখে দুর্নীতি নিয়ে মন্তব্য হাস্যকর।’

‘আর পাপুল একজন স্বতন্ত্র সংসদ সদস্য। তাঁর দুর্নীতির দায় কোনোভাবেই আওয়ামী লীগের ওপর বর্তায় না’ যোগ করেন তথ্যমন্ত্রী।

এর আগে প্রধান অতিথির বক্তৃতায় শিশু চলচ্চিত্র উৎসবের উদ্যোগের ভূয়সী প্রশংসা করে তথ্যমন্ত্রী বলেন, ‘এ ধরনের উৎসব শিশু-কিশোরদের মেধা, মনন ও দেশপ্রেমবোধে উৎসাহিত করে দেশীয় সংস্কৃতি ও ঐতিহ্যের প্রতি মমতা জাগ্রত করতে অত্যন্ত সহায়ক।’ চলচ্চিত্রশিল্পের উন্নয়নে হাজার কোটি টাকার তহবিল ঘোষণা সম্পর্কে এক প্রশ্নের জবাবে মন্ত্রী বলেন, নতুন সিনেমা হল নির্মাণ, পুরোনো হল সংস্কার ও বন্ধ হয়ে যাওয়া সিনেমা হল চালু করার জন্য ব্যাংকের মাধ্যমে এ তহবিল থেকে সহজ ঋণ দেওয়া হবে।

অনুষ্ঠানের বিশেষ অতিথি সংস্কৃতি প্রতিমন্ত্রী কে এম খালিদ বলেন, শিশু চলচ্চিত্র উৎসবটি শিশু-কিশোরদের পরিচালনায় আয়োজিত হচ্ছে, যা অত্যন্ত আনন্দের ও এটি তাদের সৃষ্টিশীলতার নজির। তিনি এ সময় নিজের করোনার টিকা নেওয়ার অভিজ্ঞতা বর্ণনা করেন ও বলেন টিকা নেওয়ার পর তাঁর শরীরে কোনো বিরূপ প্রতিক্রিয়া নেই।

তথ্যমন্ত্রী হাছান মাহমুদ, সংস্কৃতি প্রতিমন্ত্রী কে এম খালিদ ও উৎসবের পরিচালক ফারিহা জান্নাত মীম যথাক্রমে জাতীয় পতাকা, উৎসবের কেন্দ্রীয় পতাকা ও চলতি উৎসবের পতাকা উত্তোলন, শান্তির প্রতীক পায়রা উড়িয়ে ও প্রদীপ জ্বেলে উৎসবের উদ্বোধন করেন।

রোববার থেকে ৫ ফেব্রুয়ারি পর্যন্ত ৮১টি দেশের প্রায় দেড় হাজার চলচ্চিত্র নিয়ে সপ্তাহব্যাপী এ আয়োজনে গণগ্রন্থাগার, জাতীয় জাদুঘর ও শিল্পকলা একাডেমিতে চলচ্চিত্র প্রদর্শনী সবার জন্য উন্মুক্ত থাকছে।",https://www.prothomalo.com/bangladesh/%E0%A6%A6%E0%A7%81%E0%A6%B0%E0%A7%8D%E0%A6%A8%E0%A7%80%E0%A6%A4%E0%A6%BF%E0%A6%A4%E0%A7%87-%E0%A6%9A%E0%A7%8D%E0%A6%AF%E0%A6%BE%E0%A6%AE%E0%A7%8D%E0%A6%AA%E0%A6%BF%E0%A7%9F%E0%A6%A8%E0%A6%A6%E0%A7%87%E0%A6%B0-%E0%A6%AE%E0%A7%81%E0%A6%96%E0%A7%87-%E0%A6%A6%E0%A7%81%E0%A6%B0%E0%A7%8D%E0%A6%A8%E0%A7%80%E0%A6%A4%E0%A6%BF-%E0%A6%A8%E0%A6%BF%E0%A7%9F%E0%A7%87-%E0%A6%AE%E0%A6%A8%E0%A7%8D%E0%A6%A4%E0%A6%AC%E0%A7%8D%E0%A6%AF-%E0%A6%B9%E0%A6%BE%E0%A6%B8%E0%A7%8D%E0%A6%AF%E0%A6%95%E0%A6%B0-%E0%A6%A4%E0%A6%A5%E0%A7%8D%E0%A6%AF%E0%A6%AE%E0%A6%A8%E0%A7%8D%E0%A6%A4%E0%A7%8D%E0%A6%B0%E0%A7%80,01/31/2021,প্রথম আলো,No,Yes,No
2001,বি এন পি ,"মাথাপিছু আয় দ্বিগুণ, রিজার্ভ সাত গুণ বেড়েছে","মাথাপিছু আয় দ্বিগুণ, রিজার্ভ সাত গুণ বেড়েছে","বিএনপি আমলের (২০০১-০৬) চেয়ে আওয়ামী লীগ (২০০৯-১৪) আমলে দেশের অর্থনৈতিক সূচকগুলো দ্বিগুণ থেকে সাত গুণ পর্যন্ত বেড়েছে। এর মধ্যে কর ও রাজস্ব সংগ্রহের পরিমাণ এবং রপ্তানি আয় বেড়েছে তিন গুণ, বাজেটের আকার ও প্রবাসী-আয় (রেমিট্যান্স) চার গুণ, মাথাপিছু আয় ও সরাসরি বৈদেশিক বিনিয়োগ দ্বিগুণ এবং বৈদেশিক মুদ্রার রিজার্ভ সাত গুণ বেড়েছে।
‘বাংলাদেশের আর্থসামাজিক অগ্রযাত্রা এবং সামষ্টিক অর্থনীতির সাম্প্রতিক অবস্থান’ শীর্ষক সংবাদ সম্মেলনে অর্থমন্ত্রী আবুল মাল আবদুল মুহিত এ তথ্য তুলে ধরেন। অর্থ মন্ত্রণালয় অর্থনীতির বিভিন্ন দিকের তথ্য-সংবলিত ৩০ পৃষ্ঠার একটি পুস্তিকা প্রকাশ করেছে গত বুধবার। সেটি ধরেই সচিবালয়ে গতকাল শনিবার বক্তব্য দেন অর্থমন্ত্রী।


অর্থসচিব মাহবুব আহমেদ, অভ্যন্তরীণ সম্পদ বিভাগের (আইআরডি) সচিব নজিবুর রহমান, ব্যাংক ও আর্থিক প্রতিষ্ঠান বিভাগের সচিব এম আসলাম আলম, অর্থনৈতিক সম্পর্ক বিভাগের (ইআরডি) সচিব মোহাম্মদ মেজবাউদ্দিন, বাংলাদেশ ব্যাংকের ডেপুটি গভর্নর এস কে সুর চৌধুরীসহ অর্থ মন্ত্রণালয়ের চার বিভাগের অতিরিক্ত সচিব ও যুগ্ম সচিব পর্যায়ের কর্মকর্তারা এ সময় অর্থমন্ত্রীর পাশে ছিলেন।
অর্থমন্ত্রী জানান, বিএনপি আমলে বিশ্ব অর্থনীতির পরিস্থিতি স্বাভাবিক ও উন্নয়নশীল দেশগুলোর গড় প্রবৃদ্ধি ৭ শতাংশ থাকা সত্ত্বেও দেশের গড় অর্থনৈতিক প্রবৃদ্ধি ছিল ৫ দশমিক ৪ শতাংশ। আর আওয়ামী লীগ আমলে বিশ্বমন্দা বজায় থাকা ও উন্নয়নশীল দেশগুলোর গড় প্রবৃদ্ধি ৫ দশমিক ৬ শতাংশে নেমে এলেও দেশের গড় অর্থনৈতিক প্রবৃদ্ধি হয় ৬ দশমিক ১৪ শতাংশ। সরকারের বিচক্ষণ নীতি ও দক্ষ অর্থনৈতিক ব্যবস্থাপনার কারণেই তা সম্ভব হয়েছে। এ ছাড়া দারিদ্র্যের হার ৪০ থেকে কমে হয়েছে ২৬ দশমিক ২ এবং অতিদারিদ্র্যের হার ২৪ দশমিক ২ থেকে অর্ধেকের বেশি কমে হয়েছে ১১ দশমিক ৯ শতাংশ।


মুহিত জানান, বিএনপি আমলে মানুষের গড় আয়ু ৬৬ বছর ৬ মাস থেকে বেড়ে আওয়ামী লীগ আমলে ৭০ বছর ৩ মাস হয়েছে। মোট দেশজ উৎপাদনের (জিডিপি) তুলনায় বিনিয়োগের পরিমাণ ২৫ দশমিক ২ থেকে বেড়ে ২৭ দশমিক ৮ শতাংশ, বিদ্যুৎ উৎপাদন ৩ হাজার ৭৮২ থেকে বেড়ে ১৩ হাজার ২৮৬ মেগাওয়াট, প্রতি হাজারে শিশুমৃত্যু ৪৫ থেকে কমে ৩৩ জন হয়েছে।
তথ্যপ্রযুক্তি খাতের মধ্যে মোবাইল ফোন ব্যবহারে বিপ্লব সাধিত হয়েছে উল্লেখ করে মন্ত্রী বলেন, এখন লেনদেন সহজ হয়েছে। প্রবাসী-আয় বেশি আসার কারণও এই মোবাইল ফোন।
মাঝখানে দুই বছর (২০০৭-০৮) তত্ত্বাবধায়ক সরকার বেশ কিছু সংস্কারমূলক পদক্ষেপ নেয়, যার ইতিবাচক প্রভাব পড়ে অর্থনীতিতে। সংবাদ সম্মেলনে এই দুই বছরের প্রসঙ্গে কিছু বলেননি অর্থমন্ত্রী।
পাশাপাশি চলতি অর্থবছরের (২০১৪-১৫) কিছু বিষয়ের চার মাস, কিছু বিষয়ের পাঁচ মাস ও কিছু বিষয়ের ছয় মাসের চিত্রও তুলে ধরেন অর্থমন্ত্রী। এতে মুহিত দেখান যে অর্থনীতির সব সূচকই সন্তোষজনক।


সংবাদ সম্মেলনে জানানো হয়, চলতি অর্থবছরের জুলাই-নভেম্বরে রাজস্ব সংগ্রহ হয়েছে ৫৪ হাজার ৩৩৬ কোটি টাকা। আগেরবার একই সময়ে হয়েছিল ৫৪ হাজার ৪৫১ কোটি টাকা। এবার জুলাই-ডিসেম্বরে রপ্তানি আয় হয়েছে ১ হাজার ৪৯০ কোটি ডলার, যা আগেরবার ছিল ১ হাজার ৪৬০ কোটি ডলার। জুলাই-অক্টোবরে প্রবাসী-আয় এসেছে ৫০০ কোটি ডলার, আগেরবার একই সময়ে তা ছিল ৪৫০ কোটি ডলার।


এক প্রশ্নের জবাবে চলতি অর্থবছরের প্রবৃদ্ধির লক্ষ্যমাত্রা ৭ দশমিক ৩ শতাংশ অর্জনকে সন্দেহের চোখে দেখছেন (হাইলি ডাউটফুল) অর্থমন্ত্রী।


পরিসংখ্যান ও অর্থমন্ত্রীর বক্তব্য—কোথাও ব্যাংক খাত নিয়ে কিছু বলা হয়নি। বিষয়টি কি চেপে যাওয়া হলো (ব্ল্যাকআউট)—এমন প্রশ্নের জবাবে মুহিত কিছুটা হেসে বলেন, ‘ব্যাংক খাত তো ভালো করছে।’
হল-মার্ক, বেসিক ব্যাংকের মতো কেলেঙ্কারির পরও কি বলা যায় ভালো করছে—এমন পাল্টা প্রশ্ন করলে তিনি বলেন, ‘হ্যাঁ, এগুলো হয়েছে। তবে বর্তমানে ব্যাংক খাত ভালোই আছে।’
ব্যাংক ও আর্থিক প্রতিষ্ঠান বিভাগের সচিব এম আসলাম আলম এক প্রশ্নের জবাবে বলেন, ‘ঋণের মান খারাপ হওয়ায় খেলাপি ঋণ বেড়েছে। আর কিছু বেড়েছে হল-মার্ক ও বেসিক ব্যাংক দুর্ঘটনার কারণে। ব্যাংক খাত এখনো এই দুই বড় দুর্ঘটনার প্রভাব থেকে কাটিয়ে উঠতে পারেনি।’",,,,,,
2001,বি এন পি ,দুর্নীতিতে চ্যাম্পিয়ন ,"২০০১–২০০৬ সাল ছিলো তথাকথিত ‘স্বর্ণযুগ’ বাস্তবে দুর্নীতি, জঙ্গিবাদ ও রাষ্ট্রীয় ব্যর্থতার কাল","বিএনপির সরকার ২০০১ থেকে ২০০৬ সাল এই সময়কালকে কেউ কেউ উদ্দেশ্যপ্রণোদিতভাবে বাংলাদেশের “স্বর্ণযুগ” হিসেবে উপস্থাপন করার চেষ্টা করছেন। কিন্তু ইতিহাস ও পরিসংখ্যান বলছে ভিন্ন কথা। এই পাঁচ বছর ছিল দুর্নীতি, জঙ্গিবাদ, রাষ্ট্রীয় ব্যর্থতা এবং গণতন্ত্র ধ্বংসের এক ভয়াবহ অধ্যায়।

এই সময়েই বাংলাদেশ টানা পাঁচবার বিশ্বে দুর্নীতিতে চ্যাম্পিয়ন হয়। এটি কোনো রাজনৈতিক বক্তব্য নয়; বরং ট্রান্সপারেন্সি ইন্টারন্যাশনাল বাংলাদেশ (TIB)–এর প্রকাশিত রিপোর্ট। বিস্ময়ের বিষয় হলো, সে সময় বিএনপির ঘনিষ্ঠ বলে পরিচিত গণমাধ্যম প্রথম আলো নিজেই এই প্রতিবেদন গুরুত্বের সঙ্গে প্রকাশ করেছিল। ‘হাওয়া ভবন’ পরিণত হয় রাষ্ট্রের অঘোষিত ক্ষমতাকেন্দ্রে—যেখানে সাংবিধানিক প্রতিষ্ঠান নয়, বরং পরিবারকেন্দ্রিক প্রভাব ও দুর্নীতিই রাষ্ট্র পরিচালনার নিয়ামক হয়ে ওঠে।

বিদ্যুৎ খাতে চরম অব্যবস্থাপনা ছিল সাধারণ বাস্তবতা। পাঁচ বছরে মাত্র ১০৮ মেগাওয়াটের একটি বিদ্যুৎ কেন্দ্র স্থাপন করা হয়। মোট উৎপাদন ক্ষমতা ছিল প্রায় ৪২০০ মেগাওয়াট, যার ফলে দেশজুড়ে ৮–১০ ঘণ্টা লোডশেডিং নিত্যদিনের ঘটনা ছিল। উন্নয়নের বদলে ‘খাম্বা’ দুর্নীতি তখন রাষ্ট্রীয় ব্যর্থতার প্রতীকে পরিণত হয়।

এই সরকারেই যুদ্ধাপরাধী নিজামী ও মুজাহিদ পূর্ণ মন্ত্রীর মর্যাদা পায়। এর মাধ্যমে রাষ্ট্রীয়ভাবে মৌলবাদ ও সাম্প্রদায়িক রাজনীতিকে প্রশ্রয় দেওয়া হয়, যার সামাজিক ও রাজনৈতিক ক্ষত বাংলাদেশ আজও বহন করছে।

২০০৪ সালের ২১ আগস্ট গ্রেনেড হামলা ছিল বাংলাদেশের ইতিহাসে বিরোধী রাজনৈতিক নেতৃত্ব নিশ্চিহ্ন করার সবচেয়ে নৃশংস রাষ্ট্রীয় ষড়যন্ত্র। শেখ হাসিনাকে হত্যার উদ্দেশ্যে চালানো এই হামলায় ২৪ জন নিহত এবং ৫০০-এর বেশি মানুষ আহত হন। প্রকৃত অপরাধীদের আড়াল করতে দেশবাসী দেখেছে কুখ্যাত “জজ মিয়া নাটক”, যা বিচার ব্যবস্থাকে উপহাসে পরিণত করেছিল।

রাষ্ট্রীয় পৃষ্ঠপোষকতায় জঙ্গিবাদের উত্থান ঘটে এই সময়েই। বাংলা ভাইয়ের মতো জঙ্গিরা প্রকাশ্যে তৎপরতা চালায়, আর ২০০৫ সালে ৬৩ জেলায় একযোগে ৫০০ স্থানে বোমা বিস্ফোরণ ঘটে। এর ফলে বাংলাদেশ বিশ্বদরবারে পরিচিত হয় একটি জঙ্গি রাষ্ট্র হিসেবে—যা দেশের ভাবমূর্তিকে মারাত্মকভাবে ক্ষতিগ্রস্ত করে।

চট্টগ্রামে ধরা পড়ে দশ ট্রাক অবৈধ অস্ত্রের চালান, যা রাষ্ট্রীয় নিরাপত্তা ব্যবস্থার ভয়াবহ দুর্বলতা ও রাজনৈতিক প্রভাবের স্পষ্ট প্রমাণ দেয়।
সামাজিক ও অর্থনৈতিক সূচকেও চিত্র ছিল হতাশাজনক। দারিদ্র্যের হার- প্রায় ৪২ শতাংশ; মাথাপিছু আয়- মাত্র ৫৯৯ মার্কিন ডলার।

সংখ্যালঘুদের ওপর নির্যাতন পৌঁছে যায় চরমে। ১৪ বছরের কিশোরী পূর্ণিমা শিলের গ্যাং রেপের ঘটনা আন্তর্জাতিক গণমাধ্যমে বাংলাদেশকে চরমভাবে লজ্জিত করে এবং সংখ্যালঘু নিরাপত্তার করুণ বাস্তবতা তুলে ধরে।

এসব ঘটনা কোনো বিচ্ছিন্ন অভিযোগ নয়, কোনো রাজনৈতিক মতামতও নয়—সবই নথিভুক্ত, প্রমাণিত এবং ইতিহাসের অংশ। তাই এই সময়কে “স্বর্ণযুগ” হিসেবে আখ্যা দেওয়া মানে ইতিহাসের সঙ্গে প্রতারণা করা।

এর বিপরীতে শেখ হাসিনার নেতৃত্বাধীন সরকারের আমলে বাংলাদেশ অর্থনৈতিক ও সামাজিক সূচকে দৃশ্যমান অগ্রগতি অর্জন করে।
মাথাপিছু আয় বৃদ্ধি পেয়ে ২৮২৪ মার্কিন ডলারে উন্নীত হয়। দারিদ্র্যের হার ৪১ শতাংশ থেকে কমে ১৮ শতাংশে নেমে আসে। অতিদরিদ্রের হার ২৫.৬ শতাংশ থেকে ৫.৬ শতাংশে নামিয়ে আনা সম্ভব হয়।

এই পরিসংখ্যানই প্রমাণ করে—উন্নয়ন ও রাষ্ট্রনায়কত্ব অর্জিত হয় কার্যকর নেতৃত্ব, জবাবদিহি ও জনগণের জীবনমান উন্নয়নের মাধ্যমে, ইতিহাস বিকৃতি বা ব্যর্থতার অধ্যায় ঢেকে নয়।

২০০১–২০০৬ সময়কালকে “স্বর্ণযুগ” বানানোর চেষ্টা কেবল একটি রাজনৈতিক অপপ্রচার যার উদ্দেশ্য ইতিহাস মুছে ফেলা, সত্য আড়াল করা এবং জনগণের স্মৃতিকে বিভ্রান্ত করা।",https://www.doelkantho.com/2253/%E0%A7%A8%E0%A7%A6%E0%A7%A6%E0%A7%A7-%E0%A7%A8%E0%A7%A6%E0%A7%A6%E0%A7%AC-%E0%A6%B8%E0%A6%BE%E0%A6%B2-%E0%A6%9B%E0%A6%BF%E0%A6%B2%E0%A7%8B-%E0%A6%A4%E0%A6%A5%E0%A6%BE%E0%A6%95%E0%A6%A5/,01/26/2026,doelkantho,No,Yes,No
2001,বি এন পি ,দুর্নীতিতে চ্যাম্পিয়ন ,জিয়ার আদর্শ বিক্রি করে বিএনপি দেশকে পাঁচবার দুর্নীতিতে চ্যাম্পিয়ন করেছে: ফয়জুল করীম,"ইসলামী আন্দোলন বাংলাদেশের জ্যেষ্ঠ নায়েবে আমির মুফতি সৈয়দ মুহাম্মাদ ফয়জুল করীম বলেছেন, ‘জিয়ার আদর্শ বিক্রি করে বিএনপি পাঁচবার দেশকে দুর্নীতিতে চ্যাম্পিয়ন করেছে। এ দেশের মানুষ আর চোর-ডাকাত, গুন্ডা-চাঁদাবাজকে ক্ষমতায় যাওয়ার জন্য ভোট দেবে না।’

বৃহস্পতিবার সন্ধ্যায় যশোরের ঝিকরগাছা বিএম হাইস্কুল মাঠে জনসভায় প্রধান অতিথির বক্তব্যে তিনি এ কথাগুলো বলেন। গণ-অভ্যুত্থানে গণহত্যার বিচার ও পিআর পদ্ধতিতে নিরপেক্ষ নির্বাচনের দাবিতে এ জনসভার আয়োজন করে ইসলামী আন্দোলন বাংলাদেশের ঝিকরগাছা উপজেলা শাখা।

ফয়জুল করীম বলেন, ‘জিয়াউর রহমানের আদর্শ বাস্তবায়ন করার বক্তব্য দিয়ে খালেদা জিয়া প্রথম ক্ষমতায় গিয়ে দেশকে তিনবার দুর্নীতিতে চ্যাম্পিয়ন করেন। দ্বিতীয়বার জিয়াউর রহমানের আদর্শ বিক্রি করে বিএনপি ক্ষমতায় গিয়ে আরও দুবার চ্যাম্পিয়ন করে। জিয়ার আদর্শ বিক্রি করে আর কয়বার ক্ষমতায় যেতে চান? জনগণ বারবার ক্ষমতায় নিলেও তাঁর আদর্শ বাস্তবায়ন করতে পারেননি। বরং পাঁচবার দুর্নীতিতে চ্যাম্পিয়ন করেছেন।’

ইসলামী আন্দোলনের এই নেতা আরও বলেন, ‘যাঁরা ধানের শীষের প্রার্থী হন, তাঁরা নিজেরা ধান কাটতে পারেন না। যাঁরা নৌকায় নির্বাচন করেন, তাঁরা নৌকা চালাতে পারেন না। যাঁরা লাঙ্গল নিয়ে নির্বাচন করেন, তাঁরা নিজেরা লাঙ্গল চালাতে পারেন না। এসব মার্কা গরিবের; কিন্তু যারা নির্বাচন করে, তাদের একজনও গরিব না। তাদের কথার সঙ্গে প্রতীকের কোনো মিল নাই। কিন্তু হাতপাখা প্রতীক নিয়ে যে নির্বাচন করে, সে হাতপাখা ঘোরাতে পারে। যারা সমর্থন করে, তারাও ঘোরাতে পারে।’ হাতপাখা হিন্দু, মুসলিম, খ্রিষ্টান সবার দাবি করে তিনি বলেন, ‘কারেন্ট ফেল করে। কিন্তু হাতপাখা ফেল করে না। এটা এমন একটা মার্কা, যেটা হিন্দু, মুসলিম, বৌদ্ধ, খ্রিষ্টান সবার শান্তি দেয়।’

ইসলামী আন্দোলনের ঝিকরগাছা উপজেলার সভাপতি আবদুল কাদেরের সভাপতিত্বে সমাবেশে বক্তব্য দেন দলটির শিল্প ও বাণিজ্যবিষয়ক সম্পাদক শোয়াইব হোসেন, খুলনা বিভাগীয় সাংগঠনিক সম্পাদক মুফতি মোস্তফা কামাল, যশোর-১ আসনের জামায়াত মনোনীত প্রার্থী আজিজুর রহমান, জাতীয় ওলামা মাশায়েখ আইম্মা পরিষদের সাধারণ সম্পাদক রেজাউল করীম, ইসলামী আন্দোলনের যশোর জেলার সভাপতি মিয়া আবদুল হালিম, সেক্রেটারি মোহাম্মদ আলী সরদার প্রমুখ।

",https://www.prothomalo.com/bangladesh/district/hymtx6wist,09/11/2025,প্রথম আলো ,No,Yes,No
2011,আওয়ামী লীগ ,গুলির জন্য হাসিনাকে জবাব দিতে হবে: ফখরুল,গুলির জন্য হাসিনাকে জবাব দিতে হবে: ফখরুল,"সরকারের নির্দেশে গণমিছিলে ‘পুলিশ’ গুলি করেছে অভিযোগ করে বিএনপি বলেছে, এজন্য তাদের জবাবদিহি করতে হবে।
বিএনপির তিন দিনের বিক্ষোভ সমাবেশের প্রথম দিন মঙ্গলবার রাজধানীতে দলের ভারপ্রাপ্ত মহাসচিব মির্জা ফখরুল ইসলাম আলমগীর বলেন, “চাঁদপুর, লক্ষ্মীপুর ও রাজশাহীতে মিছিলে পুলিশের গুলিতে হত্যাকাণ্ডের জন্য আমরা প্রধানমন্ত্রীকেই দায়ী করছি। ভবিষ্যতে এজন্য আপনাকে (শেখ হাসিনা) জবাবদিহি করতে হবে।”
গত রোববার বিএনপির নেতৃত্বে চার দলের গণমিছিল চলাকালে সংঘর্ষের সময় লক্ষ্মীপুর ও চাঁদপুরে চারজন মিছিলকারী পুলিশের গুলিতে নিহত হয়। সোমবার রাজশাহীতে পুলিশের সঙ্গে সংঘর্ষের সময় গুলিবিদ্ধ হয়ে মারা যায় জামায়াতে ইসলামীর এক কর্মী।
আওয়ামী লীগ নেতা মোহাম্মদ নাসিম মঙ্গলবার রাজধানীতে এক সমাবেশে বলেন, “পুলিশেও বিএনপি-জামায়াতের এজেন্ট আছে। সরকারকে বিপদে ফেলতে তারা একাজ করতে পারে।”
১৯৫২ সালে ভাষা আন্দোলনে ছাত্রদের ওপর গুলির ঘটনা উল্লেখ করে ফখরুল বলেন, “ইতিহাস বলে, যারা গুলি করে মানুষ হত্যা করেছে, তারা ক্ষমতায় থাকতে পারেনি। ১৯৫৪ সালের সেই মুসলিম সরকারের ভরাডুবি হয়েছিলো।”
গণমিছিলে তিন জেলায় পাঁচ জনের মৃত্যুর প্রতিবাদে মঙ্গলবার থেকে সারাদেশে তিনদিনের বিক্ষোভ কর্মসূচি শুরু করে বিএনপি।
দেশের পুঁজিবাজার ‘ধ্বংসের’ জন্য সরকারের নীতিকে দায়ী করে সাবেক প্রতিমন্ত্রী ফখরুল বলেন, দেশের অর্থনীতিকে তারা সঙ্কটজনক পর্যায়ে নিয়ে এসেছে। পুঁজিবাজারে বিনিয়োগকারীরা সর্বশান্ত হয়ে গেছে। গতকাল (সোমবার) একজন বিনিয়োগকারী সব কিছু হারিয়ে আত্মহত্যা করেছেন।
এ অবস্থা থেকে উত্তরণে সরকারকে পদত্যাগে বাধ্য করার আহ্বান জানান তিনি।
মঙ্গলবার সন্ধ্যায় মির্জা ফখরুল যান আত্মহত্যাকারী লিয়াকত আলীর আর কে মিশন রোডের বাসায়। তার সঙ্গে ছিলেন বিএনপির সহ-সভাপতি সাদেক হোসেন খোকা।
তারা লিয়াকতের বড় ভাই কাজী লুৎফুর রহমান, স্ত্রী তাহমিনা আখতার সাথী ও শ্বশুড় শামসুল হক মল্লিকের সঙ্গে কথা বলেন।",https://bangla.bdnews24.com/politics/article519277.bdnews,01/31/2012,বিডি নিউজ ,No,Yes,No
2011,আওয়ামী লীগ ,বিএনপির ৩ দিনের শোক,বিএনপির ৩ দিনের শোক,"ঢাকা, জানুয়ারি ৩১ (বিডিনিউজ টোয়েন্টিফোর ডটকম)- রোববার ও সোমবার বিএনপির গণমিছিলে পুলিশের গুলিতে মিছিলকারী নিহত হওয়ার প্রতিবাদে সারা দেশে মঙ্গলবার থেকে তিন দিনের শোক কর্মসূচি ঘোষণা করেছে বিএনপি।
সোমবার রাতে দলের যুগ্ম মহাসচিব রুহুল কবির রিজভী স্বাক্ষরিত এক সংবাদ বিজ্ঞপ্তিতে এই সংশোধিত কর্মসূচির কথা জানানো হয়।
কর্মসূচির মধ্যে আছে- মঙ্গলবার থেকে দলীয় কার্যালয়ে কালো পতাকা উত্তোলন, দলীয় পতাকা অর্ধনমিতকরণ ও কালো ব্যাজ ধারণ; মঙ্গলবার বিভাগ, জেলা ও উপজেলায় প্রতিবাদ সমাবেশ এবং ৩ ফেব্র“য়ারি জুম্মার নামাজের পর মসজিদে-মসজিদে নিহতদের স্মরণে দোয়া মাহফিল।
সংবাদ বিজ্ঞপ্তিতে দলের সর্বস্তরের নেতা-কর্মীদের এই কর্মসূচি পালনের অনুরোধ জানানো হয়েছে।
এর আগে সোমবার বিকালে গণমিছিল শুরুর আগে খালেদা জিয়া নিহতদের স্মরণে দুই দিনের কর্মসূচি ঘোষণা করেন। সংশোধিত কর্মসূচিতে তা একদিন বাড়িয়ে তিন দিনের শোক কর্মসূচি ঘোষণা করে দলটি।
বিএনপির গণমিছিল কর্মসূচি পালনের সময় পুলিশের সঙ্গে সংঘর্ষে রোববার চাঁদপুর ও লক্ষ্মীপুরে পুলিশের গুলিতে চার জন এবং সোমবার রাজশাহীতে এক জন নিহত হয়। যদিও পুলিশ এসব হত্যাকাণ্ডের দায় অস্বীকার করেছে।",https://bangla.bdnews24.com/politics/article519263.bdnews,01/30/2012,বিডি নিউজ ,No,No,Yes
2011,আওয়ামী লীগ ,পুলিশের ‘বিএনপি এজেন্টরা’ গুলি করেছে: নাসিম,পুলিশের ‘বিএনপি এজেন্টরা’ গুলি করেছে: নাসিম,"ঢাকা, জানুয়ারি ৩১ (বিডিনিউজ টোয়েন্টিফোর ডটকম)- পুলিশে থাকা বিএনপি-জামায়াতের এজেন্টরা লক্ষ্মীপুর ও চাঁদপুরে মিছিলে গুলি চালিয়েছে বলে দাবি করেছেন আওয়ামী লীগ নেতা মোহাম্মদ নাসিম।
‘পুলিশেও বিএনপি-জামায়াতের এজেন্ট আছে’ মন্তব্য করে তিনি মঙ্গলবার এক সমাবেশে বলেন, “সরকারকে বিপদে ফেলতে তারা একাজ করতে পারে।”
এসব এজেন্টদের খুঁজে বের করা হবে বলেও ঘোষণা দেন তিনি।
রাজধানীর মহানগর মঞ্চে ওই সমাবেশে সাবেক এ স্বরাষ্ট্রমন্ত্রী বলেন, “খালেদার পক্ষে সব সম্ভব। তিনি যখন ক্ষমতায় ছিলেন তখন সারের জন্য আন্দোলনকারী কৃষকদের গুলি করে মেরেছেন। রাজশাহীর কানসাটে বিদ্যুৎ দাবি করায় মেরেছেন ১৯ কৃষককে।”
তত্ত্বাবধায়ক সরকার পদ্ধতি পুনর্বহালসহ কয়েকটি দাবিতে রোববার ঢাকার বাইরে বিভিন্ন জেলায় গণমিছিল করে বিএনপি। এ সময় পুলিশের সঙ্গে দলটির কর্মীদের সংঘর্ষ হলে গুলিতে লক্ষ্মীপুর ও চাঁদপুরে চার জন মারা যায়। সোমবার রাজশাহীতে জামায়াতকর্মীদের সঙ্গে পুলিশের সংঘর্ষের সময় গুলিতে মারা যায় এক জন।
বিরোধীদলীয় নেতার সমালোচনা করে নাসিম বলেন, “বিরোধীদলীয় নেত্রী বলেছেন তিনি ক্ষমতায় আসলে নাকি আমাদের রাজপথে দাঁড়াতে দেবেন না। আপনারা তো ক্ষমতায় থাকার সময় আমাদের দলীয় কার্যালয়ের বাইরে বের হতে দেননি। হুংকার দিয়ে আওয়ামী লীগকে ভয় দেখানো যাবে না।”
সেনা বাহিনীতে ব্যর্থ অভ্যুত্থানচেষ্টা বিষয়ে আওয়ামী লীগের সভাপতিমণ্ডলীর সদস্য নাসিম বলেন, “খালেদা জিয়া ডিসেম্বরেই সরকার পরিবর্তন করা হবে বলে বলেছিলেন। তার পরপরই এ ধরনের একটি পরিস্থিতির সৃষ্টি হয়েছে।”
সরকার উৎখাতে কিছু ধর্মান্ধ সেনাসদস্যের চেষ্টা গত ডিসেম্বরে নস্যাৎ করা হয় বলে গত ১৯ জানুয়ারি এক সংবাদ সম্মেলনে জানায় সেনাসদর। ওই চেষ্টায় বিএনপির সংশ্লিষ্টতা নিয়ে ইতিমধ্যে ইঙ্গিত করেছেন প্রধানমন্ত্রীসহ কয়েকজন মন্ত্রী।
পল্লী চিকিৎসকদের নামের পাশে ‘ডা.’ লেখার অধিকার, প্রশিক্ষণের ব্যবস্থা করা এবং সরকারিভাবে নাম নিবন্ধনের দাবিতে মঙ্গলবারের এ সমাবেশ আয়োজন করে বাংলাদেশ গ্রাম ডাক্তার কল্যাণ সমিতি।
সমিতির সভাপতি আব্দুস সাত্তার বলেন, “দেশের শতকরা ৭৫ ভাগ মানুষের চিকিৎসা আমরা পল্লী চিকিৎসকরাই করে থাকি। ৫০ হাজার চিকিৎসকের জন্য ৫ লাখ পল্লী চিকিৎসককে উচ্ছেদ করা যাবে না। দাবি আদায়ে প্রয়োজনে জীবন দেব।”
এ সময় নাসিম তাদের দাবি পূরণের আশ্বাস দেন। পাশাপাশি শহরে থাকতে চাওয়া চিকিৎসকদের সমালোচনা করেন তিনি।",https://bangla.bdnews24.com/politics/article519274.bdnews,01/31/2012,বিডি নিউজ ,Yes,No,No
2011,আওয়ামী লীগ ,তত্ত্বাবধায়ক সরকার ব্যবস্থা বাতিল ঘোষণা,তত্ত্বাবধায়ক সরকার ব্যবস্থা বাতিল ঘোষণা,"বাংলাদেশে আপিল বিভাগ তত্ত্বাবাবধায়ক সরকার ব্যবস্থা সর্ম্পকিত সংবিধানের ত্রয়োদশ সংশোধনী বাতিল ঘোষণা করেছে।

তবে একই সাথে সুপ্রিমকোর্টের আপিল বিভাগ বলেছে, তত্ত্ব্বাবধায়ক সরকারের অধীনে আরও দুটি সংসদ নির্বাচন হতে পারে। এছাড়াও আদালত উল্লেখ করেছে, বিদায়ী প্রধান বিচারপতি এবং আপিল বিভাগের বিচারপতিদের বাদ রেখে সংসদ এ সরকার পদ্ধতি সংস্কার করতে পারে।

প্রধান বিচারপতি এবিএম, খায়রুল হকের নেতৃত্বে আপিল বিভাগের ছয়জন বিচারপতির বেঞ্চ এই রায় দিয়েছে। বেঞ্চে সংখ্যাগরিষ্ঠ বিচারপতির মতামতের ভিত্তিতে এই রায় দেওয়া হয়েছে বলে সংশ্লিষ্ট আইনজীবীরা জানিয়েছেন।

অ্যাটর্নি জেনারেল মাহবুবে আলম বলেছেন, আদালত ত্রয়োদশ সংশোধনীকে সংবিধানের মূল চেতনার সাথে সাংঘর্ষিক উল্লেখ করে তা বাতিল ঘোষনা করেছে।

তবে আদালত বলেছে, শান্তিশৃঙ্খলা ও ধারাবাহিকতা রক্ষার স্বার্থে আগামী দুটি সাধারণ নির্বাচন তত্ত্বাবধায়ক সরকারের অধীনে করা যেতে পারে। একই সাথে বিচার বিভাগকে এর সঙ্গে না জড়ানোর পক্ষে মত দিয়েছে।

রায়ের ব্যাখ্যা দিতে গিয়ে অ্যটর্নি জেনারেল বলেন, আগামী দুটি নির্বাচন তত্ত্বাবধায়ক সরকারের অধীনে করা যাবে, কিন্তু এই রায়ের পর তত্বাবধায়ক সরকার ব্যবস্থায় সংস্কার এনে সংবিধানে সংশোধনী এনে আগামী দু’টি নির্বাচন করতে হবে।

ক্ষমতাসীন আওয়ামী লীগ এই রায়ে স্বাগত জানিয়েছে৻ দলের যুগ্ম সাধারন সম্পাদক মাহবুবুল আলম হানিফ বলেছেন, তত্বাবধায়ক সরকার প্রশ্নে এখন একটি সঠিক নির্দেশনা পাওয়া গেল৻

বিরোধী বিএনপির কেন্দ্রীয় নেতা মওদুদ আহমেদ এই রায়কে স্ববিরোধী বলে মন্তব্য করেছেন৻ তিনি বলেন, `একদিকে আদালত ত্রয়োদশ সংশোধনীকে অবৈধ বলে ঘোষণা করেছে, অন্যদিকে বলেছে এখনো নির্বাচন তত্ত্বাবধায়ক সরকারের অধীনে হতে পারে৻‘  সংবিধান সংশোধনে গঠিত বিশেষ সংসদীয় কমিটির কো-চেয়ারম্যান সুরজ্তি সেনগুপ্ত বলেছেন, তাদের কমিটি আদালতের রায়কে বিবেচনায় নেবে৻

১৯৯৬ সালে ত্রয়োদশ সংশোধনীর মাধ্যমেই তত্ত্বাবধায়ক সরকার ব্যবস্থা সংবিধানে যোগ করা হয়েছিল। এরপর থেকে নির্বাচিত সরকারের মেয়াদ শেষে তত্বাবধায়ক সরকারের অধীনে নির্বাচন হয়ে পরবর্তী সরকার গঠিত হচ্ছে।

এই সংশোধনীর বৈধতা চ্যালেঞ্জ করে অ্যাডভোকেট এম সলিম উল্লাহসহ কয়েকজনের রিট আবেদনে ২০০৪ সালে হাইকোর্ট তত্ত্বাবধায়ক সরকার ব্যবস্থাকে বৈধ বলে ঘোষণা করে রায় দিয়েছিল। ঐ রায়ের বিরুদ্ধে রিট আবেদনকারি পক্ষই আপিল বিভাগে গিয়েছিল । তবে এম সলিম উল্লাহ অসুস্থতার কারণে মারা যাওয়ায় আব্দুল মান্নান খান নামের আরেকজন আইনজীবী রিট আবেদনটিকে এগিয়ে নিয়েছিলেন।

দীর্ঘ সময় পরে এসে চলতি বছরের পহেলা মার্চ আপিল বিভাগে এর শুনানি শুরু হয়।

আপিল আবেদনকারি এবং রাষ্ট্রপক্ষ ছাড়াও শুনানিতে অ্যামিকাস কিউরি হিসেবে শীর্ষস্থানীয় আটজন আইনজীবী বক্তব্য দিয়েছেন। অ্যামিকাস কিউরি হিসেবে সিনিয়র আইনজীবী টি এইচ খান, ড. কামাল হোসেন, আমীর-উল ইসলাম, মাহমুদুল ইসলাম ও রোকনউদ্দিন মাহমুদ তত্ত্বাবধায়ক সরকারব্যবস্থা বহাল রাখার পক্ষে মত দিয়েছিলেন।

তবে রফিক-উল হক ও এম জহির বর্তমান তত্ত্বাবধায়ক সরকারব্যবস্থা সংস্কারের পক্ষে মত দিয়েছিলেন। আরেকজন অ্যামিকাস কিউরি আজমালুল হোসেন কিউসি বলেছিলেন, তত্ত্বাবধায়ক সরকারব্যবস্থা সংবিধানের সঙ্গে সাংঘর্ষিক।

১৯৯৬ সালে আওয়ামী লীগের নেতৃত্বে বিরোধী দলগুলোর আন্দোলনের মুখে তৎকালীন বিএনপি সরকার স্থায়ীভাবে সংবিধানের ত্রয়োদশ সংশোধনী এনে তত্ত্বাবধায়ক সরকার ব্যবস্থা প্রবর্তন করেছিল। ২০০৬ সালে রাজনৈতিক সঙ্কটের প্রেক্ষাপটে জরুরি অবস্থা জারির পর গঠিত তত্ত্বাবধায়ক সরকারের দুই বছর ক্ষমতায় থাকার কারণে এই পদ্ধতির দুর্বলতা নিয়ে বিভিন্ন প্রশ্ন ওঠে।",https://www.bbc.com/bengali/news/2011/05/110510_sacaretaker,০৫/১০/২০১১,বিবিসি বাংলা ,No,No,Yes
2011,আওয়ামী লীগ ,"সংসদে ১৫তম সংশোদনী পেশ , বিএনপি'র প্রতিবাদ","সংসদে ১৫তম সংশোদনী পেশ , বিএনপি'র প্রতিবাদ","বাংলাদেশের জাতীয় সংসদে পঞ্চদশ সংবিধান সংশোধনী বিল জাতীয় সংসদে উত্থাপন করা হয়েছে। এই বিলে অন্যান্য প্রস্তাবের মধ্যে তত্বাবধায়ক সরকার বাতিলের প্রস্তাব ও রয়েছে। তা ছাড়া সংবিধানে বিসমিল্লাহ ও রাষ্ট্রীয় ধর্ম ইসলাম অক্ষুন্ন থাকছে।

আইনমন্ত্রী শফিক আহমেদ সংসদে দিনের আইন প্রণয়ন কার্যাবলি বিলটি [সংবিধান (পঞ্চদশ সংশোধন) বিল, ২০১১] উত্থাপন করেন।

স্পিকার আবদুল হামিদ বিলটি পরীক্ষা-নিরীক্ষার জন্য আইন, বিচার ও সংসদ মন্ত্রণালয় সম্পর্কিত সংসদীয় স্থায়ী কমিটিতে পাঠিয়েছেন। কমিটি দু সপ্তার মধ্যে এই পরীক্ষা-নিরীক্ষা শেষ করবে বলে আশা করা হচ্ছে।


এ বিলে তত্ত্বাবধায়ক সরকার ব্যবস্থা বিলোপের পাশাপাশি অসাংবিধানিকভাবে ক্ষমতা দখলের জন্য রাষ্ট্রদ্রোহিতার অপরাধ বিচেনায় সর্বোচ্চ দণ্ডের বিধান রাখার প্রস্তাব করা হয়েছে।


এ দিকে প্রধান বিরোধীদল বিএনপি , এই বিলের তীব্র সমালোচনা করেছে । তারা বলছে যে তত্ত্বাবধায়ক ব্যবস্থা বাতিল সম্বলিত পঞ্চদশ সংবিধান সংশোধনী বিলের মাধ্যমে সরকার বাংলাদেশকে অনিশ্চয়তার দিকে ঠেলে দিয়েছে বলে মনে করে বিএনপি।

শনিবার বিকেলে সংসদে বিলটি উত্থাপনের পর তাৎক্ষণিক প্রতিক্রিয়ায় বিএনপির ভারপ্রাপ্ত মহাসচিব মির্জা ফখরুল ইসলাম আলমগীর বলেন,যে সরকার জনমতের তোয়াক্কা না করে অতিদ্রুত সংসদে যে এই ধরণের একটি বিল উত্থাপন করেছে, তার নিন্দে করছেন তারা ।",https://www.voabangla.com/a/article-06-25-11bd-parliament-constitution-amendment-ak-124542394/1401946.html,05/25/2011,voabangla,No,Yes,No
2012,আওয়ামী লীগ ,বাংলাদেশে অভ্যুত্থানের প্রচেষ্টা নস্যাৎ,বাংলাদেশে অভ্যুত্থানের প্রচেষ্টা নস্যাৎ,"বাংলাদেশে সেনাবাহিনী বলেছে, শেখ হাসিনার সরকারকে উৎখাতের ব্যাপারে কিছু কর্মকর্তার এক চেষ্টা নস্যাৎ করা হয়েছে।

ঢাকায় সেনা সদর দপ্তরে এক সংবাদ সম্মেলনে সেনাবাহিনীর একজন মুখপাত্র ব্রিগেডিয়ার জেনারেল মাসুদ রাজ্জাক বলেন, সেনাবাহিনীর বর্তমান কতিপয় কর্মকর্তা এবং সাবেক কিছু কর্মকর্তা বিশৃংখলা সৃষ্টির চেষ্টা করেছিল।

একইসাথে বিএনপি নেত্রী খালেদা জিয়ার একটি বক্তব্যের প্রসঙ্গও এসেছে। তবে বিএনপি বা কারও নাম উল্লেখ না করে সেনাবাহিনী বলেছে, একটি বৃহত্তর রাজনৈতিক দলের মনগড়া অভিযোগও উস্কানিমূলক এবং বিতর্কের সৃষ্টি করে। এসব বিষয়ে বিবিসির সাথে আলাপকালে বিএনপির জাতীয় স্থায়ী কমিটির সদস্য গয়েশ্বর চন্দ্র রায় বলেন, গণতান্ত্রিক ব্যবস্থায় কোনও গোষ্ঠীর অভ্যূত্থানের চেষ্টা গ্রহণযোগ্য নয়।

বিএনপি নেতা গয়েশ্বর চন্দ্র রায় আরো বলেছেন, বিষয়টি যা প্রকাশ করা হয়েছে তা সঠিক কি-না সে সম্পর্কে বিএনপি এখনও অবগত নয়।

তবে তিনি মনে করেন, গণতান্ত্রিক প্রক্রিয়ার ধারাবাহিকতার ক্ষেত্রে কেউ এ ধরনের বাধা সৃষ্টি করলে দল-মত নির্বিশেষে সবার ওপরেই সেই বাধা অতিক্রমের দায়িত্ব বর্তায়।

বিএনপি বিষয়টি আলোচনা করে দলীয় অবস্থান আনুষ্ঠানিকভাবে জানাবে।

কিন্তু গণতান্ত্রিক প্রক্রিয়ার পক্ষেই বিএনপির অবস্থান বলে তিনি আবারো উল্লেখ করে সেনা সদস্যদের গুম করা হচ্ছে বলে সাম্প্রতিক সময়ে বিএনপি চেয়ারপার্সন খালেদা জিযা যে বক্তব্য দিযেছিলেন সে প্রসঙ্গে মিস্টার গয়েশ্বর রায় বলেন, ইন্টারনেট ও পত্রিপত্রিকার খবর পড়েই তিনি এসব তথ্য জানতে পারেন।

এদিকে আওয়ামীলীগের নেতৃত্বাধীন সরকার উৎখাতের এই চেষ্টার অভিযোগে দুজন সেনা কর্মকর্তা আটক রয়েছে ।

তবে মেজর জিয়াউল হক নামের একজন এখনও পলাতক রয়েছে।

সেনাবাহিনী বলেছে, তদন্ত আদালত গঠন করে পুরো বিষয় খতিয়ে দেখা হচ্ছে।

ক্ষমতাসীন আওয়ামীলীগের যুগ্ম সাধারণ সম্পাদক মাহাবুবুল আলম হানিফ বলেছেন, দোষীদের বিরুদ্ধে কঠোর ব্যবস্থা নেওয়া ,সেটা তারা আশা করেন।

সেনা সদরদপ্তরে বৃহস্পতিবার ওই সংবাদ সম্মেলনে সেনাবাহিনীর এক মুখপাত্র ব্রিগেডিয়ার রাজ্জাক লিখিত বক্তব্যে আরো বলেন, কিছু প্রবাসী বাংলাদেশী নাগরিক এতে ইন্ধন জোগায়৻

বিশৃঙ্খলা সৃষ্টির উদ্দেশ্যে সেনাবাহিনীর এক সাবেক কর্মকর্তা গত ১৩ই ডিসেম্বর মেজর পদবীর এক কর্মকর্তাকে তার সাথে যোগ দেয়ার আহ্বান জানান৻

কিন্তু এই মেজর বিষয়টি তার উর্ধতন কর্মকর্তাদেরকে জানালে ঐ অবসরপ্রাপ্ত অফিসারকে গ্রেপ্তার করা হয়৻

লিখিত বক্তব্যে বলা হয় সেনাবাহিনীতে বিশৃঙ্খলা সৃষ্টির অপর পরিকল্পনাকারী মেজর সৈয়দ মো: জিয়াউল হক গত ২২শে ডিসেম্বর কর্মরত অন্য এক কর্মকর্তাকে একই ধরণের কাজ করার প্ররোচনা দেন৻

বাংলাদেশ সেনাবাহিনী বলেছে কিছু অফিসার শেখ হাসিনার সরকারকে উৎখাত করার এক চেষ্টা নস্যাৎ করা হয়েছে৻

সেনা সদর দপ্তরে বৃহস্পতিবার এক সংবাদ সম্মেলনে সেনাবাহিনীর এক মুখপাত্র ব্রিগেডিয়ার জেনারেল মোহাম্মদ মাসুদ রাজ্জাক বলেন কিছু সাবেক এবং বর্তমান অফিসার সেনাবাহিনীতে বিশৃঙ্খলা সৃষ্টির চেষ্টা করছিল৻

এক লিখিত বক্তব্যে ব্রিগেডিয়ার রাজ্জাক বলেন কিছু প্রবাসী বাংলাদেশী নাগরিক এতে ইন্ধন জোগায়৻

বিশৃঙ্খলা সৃষ্টির উদ্দেশ্যে সেনাবাহিনীর এক সাবেক কর্মকর্তা গত ১৩ই ডিসেম্বর মেজর পদবীর এক কর্মকর্তাকে তার সাথে যোগ দেয়ার আহ্বান জানান৻

কিন্তু এই মেজর বিষয়টি তার উর্ধতন কর্মকর্তাদেরকে জানালে ঐ অবসরপ্রাপ্ত অফিসারকে গ্রেপ্তার করা হয়৻

লিখিত বক্তব্যে বলা হয় সেনাবাহিনীতে বিশৃঙ্খলা সৃষ্টির অপর পরিকল্পনাকারী মেজর সৈয়দ মো: জিয়াউল হক গত ২২শে ডিসেম্বর কর্মরত অন্য এক কর্মকর্তাকে একই ধরণের কাজ করার প্ররোচনা দেন৻ এই কর্মকর্তা বিষয়টি যথাযথ কর্তৃপক্ষকে জানালে মেজর জিয়াউল হকের ছুটি ও বদলির আদেশ বাতিল করা হয়৻

তাকে ঢাকার লগ এরিয়া সদর দপ্তরে যোগ দিতে বলা হয়৻

সংবাদ সম্মেলনে বলা হয় গত ২৩ ডিসেম্বর ছুটিতে থাকার সময় মেজর জিয়াউল হক পালিয়ে গিয়ে সেনাবাহিনীর বিরুদ্ধে নাশকতামূলক চালানোর চেষ্টা করেন এবং এখনও তা করে চলেছেন৻

বলা হয় এই অফিসাররা ‘ধর্মান্ধ‘৻

ব্রিগেডিয়ার রাজ্জাক বলেন অবসরপ্রাপ্ত দুইজন অফিসার ও অন্য চাকুরীরত অফিসারদের দেয়া বিস্তারিত তথ্য অনুযায়ী সেনাবাহিনীতে চাকুরীরত কিছু অফিসারের সম্পৃক্ততার তথ্য এরমধ্যেই উদঘাটিত হয়েছে৻

তিনি বলেন তদন্ত এখনও চলছে৻",https://www.bbc.com/bengali/news/2012/01/120120_sr_bd_coup_attempt,01/20/2012,বিবিসি বাংলা ,Yes,No,No
2012,আওয়ামী লীগ ,হিযবুত বিরোধী অভিযান,হিযবুত বিরোধী অভিযান,"বাংলাদেশে সরকার উৎখাতে কিছু সেনা অফিসারের প্রচেষ্টা নস্যাৎ করা হয়েছে, সেদেশের সেনাবাহিনী এই দাবি করার একদিন পর নিরাপত্তাবাহিনী রাজধানী ঢাকায় নিষিদ্ধ ঘোষিত জঙ্গী সংগঠন হিযবুত তাহরীরের পাঁচজন সদস্যকে আটক করেছে।
পুলিশের বিশেষ বাহিনী র‍্যাপিড অ্যাকশন ব্যাটালিয়ান বা র‍্যাবের মুখপাত্র কমান্ডার মোহাম্মদ বিবিসিকে জানিয়েছেন, গোপন সংবাদের ভিত্তিতে তারা উত্তরা এলাকায় অভিযান চালিয়ে ঐ ব্যক্তিদের আটক করেন।
ঐ ব্যর্থ অভ্যুত্থান প্রচেষ্টার সাথে বাংলাদেশে নিষিদ্ধ ঘোষিত জঙ্গী সংগঠন হিযবুত তাহরীরের যোগাযো্গ রয়েছে বলে সেনাবাহিনীর তরফ থেকে অভিযোগ করা হয়েছে।
বাংলাদেশে সেনাবাহিনীর মধ্যে জঙ্গী সংগঠনগুলোর প্রভাব বিস্তারের চেষ্টার কথা এই প্রথমবারের মতো সেনাবাহিনী থেকে বলা হলেও বিশেষজ্ঞরা বলছেন, হিযবুত তাহরীর সেনাবাহিনীর সাথে যোগাযোগ করার চেষ্টা করছে এমন সম্ভাবনা আগে থেকেই দেখা গিয়েছিল।
র‍্যাব জানিয়েছে, রাজধানীর উত্তরায় হিযবুত তাহরীরের সদস্যরা বিভিন্ন রাষ্ট্রদ্রোহী ব্যানার নিয়ে একটি মিছিল বের করার চেষ্টা করলে তারা সেখানে অভিযান চালায়।
""কমান্ডার সোহায়েল জানান, গত বেশ কয়েক বছর ধরে এই সংগঠনটির বিরুদ্ধে তারা অভিযান চালিয়ে আসছেন এবং এর মধ্যে শতাধিক নেতা-কর্মীকে তারা গ্রেপ্তারও করেছেন। """"গোয়েন্দা তথ্য থেকে আমরা জানতে পারি হিযবুত তাহরীরের সদস্যরা জুমার নামাজের পর একটি মিছিল বের করবে। সেই তথ্যের ভিত্তিতে আমরা সাদা পোশাকে সেখানে অব্স্থান নিই। নামাজের পর তারা ব্যানারসহ একটি মিছিল বের করতে চেষ্টা করলে সেখান থেকে আমরা হিযবুত তাহরীরের পাঁচজন সদস্যকে গ্রেপ্তার করি।"""" বলেন মি. সোহায়েল।

ওদিকে সেনাবহিনীর জনসংযোগ পরিদপ্তরের কর্মকর্তারা জানিয়েছেন, অফিসারদের কথিত উসকানিদাতাদের একজন মেজর সৈয়দ জিয়াউল হককে গ্রেফতারের প্রচেষ্টা এখনও চলছে।  বাংলাদেশের সেনাবাহিনীর একজন মুখপাত্র ব্রিগেডিয়ার জেনারেল মাসুদ রাজ্জাক বৃহস্পতিবার এক সংবাদ সম্মেলনে বলেন, সেনাবাহিনীতে কর্মরত কিছু কর্মকর্তা এবং সাবেক কিছু কর্মকর্তা বিশৃংখলা সৃষ্টির চেষ্টা করেছিল।

ব্রিগেডিয়ার রাজ্জাক জানান, কিছু প্রবাসী বাংলাদেশী নাগরিক এতে ইন্ধন জোগায়৻

বিশৃঙ্খলা সৃষ্টির উদ্দেশ্যে সেনাবাহিনীর এক সাবেক কর্মকর্তা গত ১৩ই ডিসেম্বর মেজর পদবীর এক কর্মকর্তাকে তার সাথে যোগ দেয়ার আহ্বান জানান৻

কিন্তু এই মেজর বিষয়টি তার ঊর্ধ্বতন কর্মকর্তাদেরকে জানালে ঐ অবসরপ্রাপ্ত অফিসারকে গ্রেপ্তার করা হয়৻

লিখিত বক্তব্যে বলা হয়, সেনাবাহিনীতে বিশৃঙ্খলা সৃষ্টির অপর পরিকল্পনাকারী মেজর সৈয়দ মো: জিয়াউল হক গত ২২শে ডিসেম্বর কর্মরত অন্য এক কর্মকর্তাকে একই ধরনের কাজ করার প্ররোচনা দেন৻

এই কর্মকর্তা বিষয়টি যথাযথ কর্তৃপক্ষকে জানালে মেজর জিয়াউল হকের ছুটি ও বদলির আদেশ বাতিল করা হয়৻ তাকে ঢাকার লগ এরিয়া সদর দপ্তরে যোগ দিতে বলা হয়৻

সংবাদ সম্মেলনে বলা হয় গত ২৩ ডিসেম্বর ছুটিতে থাকার সময় মেজর জিয়াউল হক পালিয়ে গিয়ে সেনাবাহিনীর বিরুদ্ধে নাশকতামূলক চালানোর চেষ্টা করেন এবং এখনও তা করে চলেছেন৻

বলা হয় এই অফিসাররা ‘ধর্মান্ধ‘৻

ব্রিগেডিয়ার রাজ্জাক বলেন অবসরপ্রাপ্ত দুইজন অফিসার ও অন্য চাকুরীরত অফিসারদের দেয়া বিস্তারিত তথ্য অনুযায়ী সেনাবাহিনীতে কর্মরত কিছু অফিসারের সম্পৃক্ততার তথ্য এরমধ্যেই উদঘাটিত হয়েছে৻

তিনি বলেন তদন্ত এখনও চলছে৻""",https://www.bbc.com/bengali/news/2012/01/120120_mk_coup_followup,01/20/2012,বিবিসি বাংলা ,Yes,No ,No
2012,আওয়ামী লীগ ,সাগর-রুনি হত্যাকাণ্ড,বাংলাদেশে সাগর-রুনি হত্যা তদন্ত নিয়ে আস্থার অভাব,"বাংলাদেশে গতবছর সাংবাদিক দম্পতি সাগর সারওয়ার এবং মেহেরুন রুনির নিজ বাসায় খুন হওয়ার ঘটনার ঠিক এক বছর পরে তদন্তকাজে অগ্রগতিতে ক্ষোভ প্রকাশ করে আজ সোমবার সাংবাদিক সমাজ সুষ্ঠূ বিচারের দাবিতে রাস্তায় বিক্ষোভ করেছে।
ঘটনার প্রকৃত রহস্য খুঁজে বের করার এবং ‘প্রকৃত খুনিদের’ ধরতে তারা নতুন কর্মসূচিও দিচ্ছেন। তাদের বক্তব্য তদন্তের অগ্রগতির অভাব তাদের মাঝে ক্ষোভ এবং আস্থার সংকট তৈরি করেছ।
তবে সাধারণ মানুষের মাঝে রয়েছে মিশ্র প্রতিক্রিয়া।
সাংবাদিক নেতা ইকবাল সোবহান চৌধুরী বলেন, অনেককেই গ্রেপ্তার করা হয়েছে, কিন্তু শুধু সন্দেহভাজনদের গ্রেপ্তার করাকে তারা যথেষ্ট বলে মনে করছেন না।
দ্রুত দোষীদের চিহ্নিত করে অভিযোগপত্র দেওয়ার পাশাপাশি এই হত্যাকান্ডের পেছনের কারণ খূঁজে বের করার দাবি জানান তারা।
পুলিশ বলছে, এই হত্যাকান্ডের জট খুলতে সর্বশেষ গত শনিবার গ্রেপ্তার হওয়া নিহত সাংবাদিক দম্পতির বাসার নিরাপত্তাকর্মী হুমায়ুন কবীর এনামুলের কাছ থেকে অনেক গুরুত্বপূর্ণ তথ্য পাওয়া যেতে পারে।
￼
সাংবাদিক দম্পতির মৃত্যু রহস্যের সুষ্ঠু তদন্তের দাবিতে এক বছর ধরে বিভিন্ন সময়ে বিক্ষোভ হয়েছে -ফাইল চিত্র
তবে সাংবাদিকরা বলছেন, একবছর যথেষ্ট সময়। তাই দ্রুত অপরাধীদের ধরতে এবং রহস্য খুঁজে বরে করতে তারা সরকার ও আইনশৃঙ্খখলা বাহিনীকে একমাস সময় দিয়েছেন।
এরপর ১১ই মার্চ চব্বিশ ঘন্টা গণমাধ্যমকর্মীদের কর্মবিরতির আহ্বান জানানো হয়েছে।
মিস্টার চৌধূরী মনে করেন, একবছরেও একটি হত্যা মামলার তদন্তে কোনো অগ্রগতি না থাকলে নিরাপত্তাহীনতা এবং ক্ষোভ তৈরি হওয়া স্বাভাবিক।
আলোচিত এই হত্যার ঘটনাকে ঘিরে সাধারণ মানুষের মাঝেও রয়েছে মিশ্র প্রতিক্রিয়া।
কেউ কেউ মনে করেন এই হত্যাকান্ডে রহস্যের জট খুলছে না কারণ এর পেছনে প্রভাবশালী লোকজন জড়িত আছে।
বিষয়টি অনেকের মাঝে নিরাপত্তাহীনতার বোধও তৈরি করেছে।
আবার অনেকের মতে, সরকার চাইলে এই বিচার সুষ্ঠুভাবে সম্পন্ন হবে। এক্ষেত্রে সরকারের সদিচ্ছাই যথেষ্ট।
গত বছর ১১ই ফ্রেব্রুয়ারি ভোরে ঢাকার রাজাবাজারে নিজেদের ভাড়া বাসা থেকে এই সাংবাদিক দম্পতির রক্তাক্ত মৃতদেহ উদ্ধার করা হয়।
এরপর আলোচিত এই হত্যাকান্ডের তদন্তে পুলিশর শীর্ষ পর্যায় থেকে প্রণিধানযোগ্য অগ্রগতির দাবি করা হয়।
তবে পরে ঢাকার গোয়েন্দা পুলিশের কাছ থেকে তদন্তের ভার র‌্যাবের কাছে হস্তান্তর করা হয়।
র‌্যাবের কর্মকর্তারা হত্যাকান্ডের চার মাস পরে মৃতদেহ কবর থেকে তুলে নমুনা সংগ্রহ করে ডিএনএ টেস্টের জন্য যুক্তরাষ্ট্রে পাঠিয়েছিলেন।
তবে সন্দেহভাজনদের কারও সঙ্গেই সেই নমুনা মেলেনি।
",https://www.bbc.com/bengali/news/2013/02/130211_mb_sagarruni_1yr,02/11/2013,বিবিসি বাংলা ,No,Yes,No
2012,আওয়ামী লীগ ,সাগর-রুনি হত্যাকাণ্ড,কবর থেকে ফের মর্গে সাগর-রুনির লাশ,"ঢাকা, এপ্রিল ২৬ (বিডিনিউজ টোয়েন্টিফোর ডটকম)- হত্যাকাণ্ডের আড়াই মাস পর রাসায়নিক পরীক্ষার জন্য সাংবাদিক দম্পতি সাগর সরওয়ার ও মেহেরুন রুনির মরদেহ কবর থেকে তুলে মর্গে পাঠিয়েছে র‌্যাব।
বৃহস্পতিবার সকাল ১০ টা ২০ মিনিটে নির্বাহী ম্যাজিস্ট্রেট শহীদুজ্জামানের উপস্থিতিতে আজিমপুর গোরস্তানে লাশ তোলা শুরু হয়। পৌনে ১১টার দিকে সাগরের লাশ তোলার পর তার স্ত্রী রুনির মরদেহ তোলা হয় ১০টা ৫৩ মিনিটে।
বেলা সাড়ে ১১টা নাগাদ লাশ দুটি নিয়ে যাওয়া হয় ঢাকা মেডিকেল কলেজ হাসপাতালের মর্গে।
র‌্যাব কর্মকর্তা, ঢাকা মেডিকেল কলেজের ফরেনসিক বিভাগের চিকিৎসক, কবরস্থান কর্তৃপক্ষ ও সংবাদ মাধ্যমের কর্মীরা ছাড়াও কয়েকশ’ মানুষ এসময় সেখানে উপস্থিত ছিলেন।
গত ১১ ফেব্রুয়ারি রাজধানীর রাজাবাজারে নিজেদের ভাড়া বাসায় খুন হন মাছারাঙা টেলিভিশনের বার্তা সম্পাদক সাগর এবং এটিএন বাংলার জ্যেষ্ঠ প্রতিবেদক রুনি। ওই ঘটনায় অজ্ঞাতপরিচয় ব্যক্তিদের আসামি করে শেরেবাংলা নগর থানায় একটি হত্যা মামলাও করেন রুনির ভাই।
এ পর্যন্ত কোনো আসামি গ্রেপ্তার না হওয়ায় এবং হত্যার কারণ জানতে না পারার পর হাই কোর্ট ক্ষোভ প্রকাশ করে পুলিশের দক্ষতা নিয়েও প্রশ্ন তোলে। এরপর র‌্যাবকে দায়িত্ব দিয়ে সর্বাধুনিক প্রযুক্তি ব্যবহার করে দ্রুততম সময়ের মধ্যে এ মামলার তদন্ত শেষ করার নির্দেশ দেয় হাই কোর্ট।
আদালতের আদেশে দায়িত্ব নেওয়ার পর গত মঙ্গলবার ভিসেরা ও রাসায়নিক পরীক্ষার জন্য কবরে থেকে সাগর-রুনির লাশ তোলার আবেদন করে র‌্যাব।
ঢাকার মুখ্য মহানগর হাকিম বিকাশ কুমার সাহা এ ব্যাপারে অনুমতি দিলে নির্বাহী হাকিম শহীদুজ্জামানকে লাশ তোলার বিষয়টি তদারক করার দায়িত্ব দেওয়া হয়।
বৃহস্পতিবার সকালে আজিমপুর কবরস্থানে উপস্থিত র‌্যাবের গণমাধ্যম ও আইন শাখার পরিচালক এম সোহায়েল সাংবাদিকদের বলেন, “তদন্তকারী সংস্থা অনেক প্রশ্ন করেছেন। তা জানার জন্য (মরদেহের) পরীক্ষা করা হবে। যদি পর্যাপ্ত প্রযুক্তি দেশে না থাকে তাহলে বাইরে পাঠানো হবে।”
এর আগে তিনি বলেছিলেন, হত্যার আগে সাগর-রুনিকে কিছু খাওয়ানো হয়েছিল কি না তা জানতেই আদালতে লাশ তোলার আবেদন করেছে র‌্যাব। হত্যাকাণ্ডের পর সাগর-রুনির ময়নাতদন্ত করা হলেও তখন ভিসেরা পরীক্ষা হয়নি।
ঢাকা মেডিকেলে কলেজ হাসপাতালের ফরেনসিক বিভাগের প্রধান ডা. মোখলেসুর রহমান, সহকারী অধ্যাপক ডা. কামরুল হাসান ও প্রভাষক ডা. পারভেজ ইফতেখার আহম্মেদও লাশ তোলার সময় কবরস্থানে উপস্থিত ছিলেন।
ডা. পারভেজ ইফতেখার সাংবাদিকদের বলেন, দাফন করার আড়াই মাস পর মৃতদেহ কী অবস্থায় আছে তা দেখেই বলতে হবে আলামত কেমন অবস্থায় আছে।
তবে র‌্যাবের ফরেনসিক কর্মকর্তা শফিকুল ইসলাম বলছেন, মরদেহ পলিথিনে মোড়ানো থাকায় আলামত ভালো অবস্থাতেই পাওয়া যাবে বলে আশা করছেন তারা।",https://bangla.bdnews24.com/bangladesh/article532188.bdnews,04/26/2012,বিডি নিউজ ,No,No,Yes
2012,আওয়ামী লীগ ,সাগর-রুনি হত্যাকাণ্ড,‘ইলিয়াস ও সাগর-রুনি বিষয়ে আশানুরূপ অগ্রগতি হয়নি’,"
ঢাকা : ইলিয়াস আলী গুম, সাগর-রুনি হত্যা ও সৌদি দূতাবাস কর্মকর্তা খালাফ আল আলী নিহত হওয়ার ঘটনার তদন্ত কাজের অগ্রগতি আশানুরূপ নয় বলে সংসদীয় কমিটিকে জানিয়েছে র‌্যাব ও পুলিশ।

এসব ঘটনার তদন্ত কাজ দ্রুত শেষ করার জন্য সংশ্লিষ্টদের চাপ প্রয়োগ করেছে সংসদীয় কমিটি।

বুধবার জাতীয় সংসদ ভবনে অনুষ্ঠিত স্বরাষ্ট্র মন্ত্রণালয় সম্পর্কিত সংসদীয় স্থায়ী কমিটির ৩৮তম বৈঠকে এ বিষয়ে আলোচনা হয়। কমিটির সভাপতি আবদুস সালাম বৈঠকে সভাপতিত্ব করেন।



কমিটি সদস্য স্বরাষ্ট্রমন্ত্রী সাহারা খাতুন, স্বরাষ্ট্র প্রতিমন্ত্রী শামসুল হক টুকু, মির্জা আজম,  মুজিবুল হক চুন্নু, সানজিদা খানম ও সফিকুল ইসলাম বৈঠকে অংশ নেন।
 
বৈঠক শেষে সংসদের মিডিয়া সেন্টারে এক সংবাদ সম্মেলনে কমিটির সভপাতি বলেন, ‘চাঞ্চল্যকর মামলাগুলো অগ্রগতি নিয়ে আলোচনা হয়েছে। কমিটি ইলিয়াস আলী নিখোঁজ, সাগর-রুনি হত্যাকাণ্ড, সৌদি দূতাবাসের কর্মকর্তা নিহত ঘটনার তদন্তের অগ্রগতি সম্পর্কে জানতে চায়।’

তিনি বলেন, ‘পুলিশ ও র‌্যাবের পক্ষ থেকে কমিটিকে জানানো হয়েছে, এসব ঘটনার তদন্তে আশনুরূপ অগ্রগতি হয়নি।
’

সভাপতি বলেন, ‘সংসদীয় কমিটি এসব বিষয়ের তদন্ত দ্রুত শেষ করার জন্য চাপ দিয়েছে। এর আগেও বিভিন্ন মামলা নিয়ে চাপ দেওয়ার ফলে কিছু কাজ হয়েছে।’   

ইলিয়াস আলী প্রসঙ্গে এক প্রশ্নের জবাবে আবদুস সালাম বলেন, ‘ইলিয়াস আলী জীবিত না মৃত কিংবা তিনি দেশে না বিদেশে আছেন, তার কিছুই আমরা জানি না। এ বিষয়ে কমিটি দ্রুত ব্যবস্থা নিতে বলেছে।
’

সাগর-রুনি হত্যাকাণ্ড বিষয়ে এক প্রশ্নের জবাবে সংবাদ সম্মেলনে উপস্থিত জাতীয় পার্টির এমপি ও কমিটির সদস্য মুজিবুল হক চুন্নু বলেন, ‘র‌্যাবের মহাপরিচালক মোখলেছুর রহমানের কাছে এ বিষয়ে কমিটি জানতে চায়। তিনি এ বিষয়ে খুব বেশি কিছু জানাতে পারেননি। তিনি বলেছেন, আরেকটু সময় নিলে বিষয়টি সম্পর্কে তারা বলতে পারবেন।’

তিনি জানান, ২০০৪ সালে  তৎকালীন হোটেল শেরাটনের সামনে দোতলা বাসে আগুন লাগানোর মামলার তদন্তের অগ্রগতি না হওয়ায় কমিটি অসন্তোষ প্রকাশ করে।

এখনো পর্যন্ত পুলিশ ও র‌্যাব কিছু করতে পারছে না, তাহলে তারা সমর্থ নয়? জানতে চাইলে কমিটির সভাপতি বলেন ‘পুলিশ সমর্থ নয় এ কথা বলা যাবে না।
আর যদি বলি, তাহলে কার কাছে এসব ঘটনার তদন্তের জন্য যাবো।’

সংসদীয় কমিটি বারবার চাপ দেওয়ার পরেও এসব ঘটনার তদন্তে অগ্রগতি হচ্ছে না কেন জানতে চাইলে আবদুস সালাম বলেন, ‘কমিটির কিছু সীমাবদ্ধতা রয়েছে। কমিটিতো সুপারিশ বা চাপ দেওয়ার বাইরে কিছু করতে পারে না।’

তিনি জানান, বৈঠকে জাতিসংঘ মিশনে পুলিশ ফোর্স প্রেরণ পদ্ধতি স্বচ্ছ রাখতে সুপারিশ করা হয়।

বৈঠকে স্বরাষ্ট্র মন্ত্রণালয়ের সিনিয়র সচিব সি কিউ কে মুসতাক আহমেদ, পুলিশের মহাপরিদর্শক হাসান মাহমুদ খন্দকার, র‌্যাবের মহাপরিচালক মোখলেছুর রহমানসহ সংশ্লিষ্ট কর্মকর্তারা উপস্থিত ছিলেন।",https://www.banglanews24.com/national/news/bd/113677.details,05/23/2012,বাংলা নিউজ,No,Yes,No
2012,আওয়ামী লীগ ,সমুদ্রসীমা নির্ধারণ আন্তর্জাতিক আদালতের রায়ে বাংলাদেশের সমুদ্র জয়”,সমুদ্রসীমা নির্ধারণ আন্তর্জাতিক আদালতের রায়ে বাংলাদেশের সমুদ্র জয়”,"দীর্ঘদিন অমীমাংসিত থাকার পর আন্তর্জাতিক আদালতের রায়ে প্রতিবেশী দেশ ভারত ও মিয়ানমারের সাথে সমুদ্রসীমা নিয়ে যে বিরোধ চলছিল তা নিষ্পত্তি হয়েছে। মিয়ানমারের দাবি অনুযায়ী বাংলাদেশের সমুদ্রসীমা ১৩০ নটিক্যাল মাইলের মধ্যে আটকে যাওয়ার কথা ছিল। এ নিয়ে মিয়ানমারের সাথে দীর্ঘদিন আলাপ-আলোচনায় সমাধান না হওয়ায় ২০০৯ সালের অক্টোবর মাসে বাংলাদেশ সমুদ্র আইনবিষয়ক আন্তর্জাতিক আদালতের শরণাপন্ন হয়। দীর্ঘদিন বিচার বিশ্লেষণের পর জার্মানির হামবুর্গে অবস্থিত সমুদ্র আইনবিষয়ক আন্তর্জাতিক আদালত থেকে চূড়ান্ত রায় দেয়া হয়। এই রায় অনুযায়ী বাংলাদেশ বিশেষ অর্থনৈতিক এলাকা হিসেবে ২০০ নটিক্যাল মাইল ছাড়িয়ে মহিসোপানের বাইরে স্বার্বভৌম কর্তৃত্ব পেলো। এতে করে এই বিশাল এলাকায় সমুদ্রে অবস্থিত যাবতীয় মূল্যবান সম্পদ আহরণে বাংলাদেশের আর কোনো বাধা রইলো না। বঙ্গোপসাগরের তলদেশে যে মূল্যবান প্রাকৃতিক সম্পদ রয়েছে, বিশেষ করে তেল ও গ্যাস আহরণের ক্ষেত্রে বারবার ভারত ও মিয়ানমারের পক্ষ থেকে যে বাধা আসছিল তা কেটে গেল। এখন থেকে বঙ্গোপসাগরের ভেতরে অতিরিক্ত ১ লাখ ১১ বর্গকিলোমিটার এলাকার কর্তৃত্ব এখন বাংলাদেশের হাতে। এই রায়ের বিরুদ্ধে কোনো আপিল করারও সুযোগ নেই। অর্থাৎ এই রায়ই চূড়ান্ত। মিয়ানমারের সাথে বাংলাদেশের সমুদ্রসীমা নিষ্পত্তি হওয়ায় ভারতের সাথে যে অমীমাংসিত সমুদ্রসীমা রয়েছে তা এই পথ অনুসরণ করেই নিষ্পত্তি হওয়ার সুযোগ সৃষ্টি হয়েছে। ভারত চেয়েছিল সমুদ্রসীমা নির্ধারণের ক্ষেত্রে বাংলাদেশের পরাজয় ঘটুক। অর্থাৎ মিয়ানমারের দাবি অনুযায়ী রায় হলে তা ভারতের জন্য ভালো হতো। আর সে লক্ষ্যে ভারত মিয়ানমারকে আইনি সহায়তাও দিয়েছিল। কিন্তু শেষ পর্যন্ত কোনো ষড়যন্ত্রই ধোপে টিকেনি। বাংলাদেশ ন্যায্যতাও সমতার ভিত্তিতে আন্তর্জাতিক আদালতের মাধ্যমে নিজস্ব অধিকার প্রতিষ্ঠা করতে সমর্থ হয়েছে। মিয়ানমারের সাথে সমুদ্রসীমা বিরোধের নিষ্পত্তি হওয়ায় বাংলাদেশের কূটনৈতিক বিজয়ের সাথে সাথে অর্থনৈতিকভাবেও লাভবান হওয়ায় বিরাট সুযোগ সৃষ্টি হয়েছে। বঙ্গোপসাগরে যে সম্পদ রয়েছে সেগুলো এখন বাংলাদেশের অধিকারে চলে এসেছে। ২০০ নটিক্যাল মাইল ছাড়িয়ে মহিসোপানের বাইরের এলাকা পর্যন্ত সমুদ্র তলদেশের মহামূল্যবান প্রাকৃতিক সম্পদ ছাড়াও মৎস্য আহরণের ক্ষেত্রে এখন আর কেউ বাধার সৃষ্টি করতে পারবে না। এই রায়ের ফলে দুই দেশের সম্পর্ক ও পথ চলা আরো সহজ হবে বলে আমরা মনে করি। অসম্ভব্য, অপ্রত্যাশিত, অকল্পনীয়কে বাস্তবে রূপ দিয়েছে বর্তমান সরকার তথা সরকারের সংশ্লিষ্ঠ কতৃপক্ষ, যা যুগে যুগে আগামী প্রজন্মের কাছে ইতিহাস হয়ে থাকবে।",https://m.somewhereinblog.net/mobile/blog/rupsa007/29848753,07/03/2013,somewhereinblog,Yes,No,No
2013,আওয়ামী লীগ ,সাঈদীর রায় নিয়ে বাংলাদেশে দ্বিতীয় দিনেও সহিংসতা,সাঈদীর রায় নিয়ে বাংলাদেশে দ্বিতীয় দিনেও সহিংসতা,"বাংলাদেশে যুদ্ধাপরাধের জন্য জামায়াতে ইসলামীর শীর্ষস্থানীয় এক নেতা দেলাওয়ার হোসাইন সাঈদীকে মৃত্যুদন্ড দেয়ার পর আজ দ্বিতীয় দিনের মতো বিক্ষিপ্ত সংঘর্ষ চলছে বিভিন্ন জেলায়।

পুলিশ জানায়, উত্তরাঞ্চলীয় জেলা গাইবান্ধার সুন্দরগঞ্জে আজ জামায়াতে ইসলামীর সমর্থকদের সঙ্গে আওয়ামী লীগ সমর্থকদের সংঘর্ষে একজন নিহত হয়।

জেলার একজন পুলিশ কর্মকর্তা বিবিসিকে জানিয়েছেন, নিহত ব্যক্তি একজন রিকশাচালক।

উল্লেখ্য, গতকাল গাইবান্ধায় সংঘর্ষে তিনজন পুলিশ সদস্য সহ ছয় জন মারা যান।

বৃহস্পতিবার রাতে লক্ষীপুরের রায়পুরা উপজেলায় একটি হিন্দু মন্দিরে আগুন দেয়া হয়। পুলিশ জানায়, পাশে অপর একটি মন্দিরে হামলার চেষ্টা হয়, কিন্তু পুলিশের বাধার মুখে হামলাকারীরা পালিয়ে যায়।

ফেনীতে রেললাইনের কিছু অংশ উপড়ে ফেলায় ঢাকা ও চট্টগ্রামের মধ্যে রেল যোগাযোগ বন্ধ হয়ে গিয়েছিল। কিন্তু আজ সকাল থেকে তা আবার চালু হয়েছে।

উল্লেখ্য, বাংলাদেশের আন্তর্জাতিক অপরাধ আদালত গতকাল জামায়াত নেতা দেলোয়ার হোসেন সাঈদীকে ১৯৭১ সালের স্বাধীনতাযুদ্ধকালীন বিভিন্ন অপরাধের জন্য মৃত্যুদন্ড দেন।

নিহতের সংখ্যা

এই রায় ঘোষণার পরপরই জামায়াতে ইসলামীর সমর্থকরা বাংলাদেশ জুড়ে সহিংস বিক্ষোভ শুরু করে। তারা বিভিন্ন জায়গায় সরকারি অফিস-আদালত, ক্ষমতাসীন দল আওয়ামী লীগের অফিস এবং পুলিশের ওপর হামলা চালায়।

জামায়াতে ইসলামী দাবি করছে, গতকাল পর্যন্ত তাদের অন্তত ৪৪ জন সমর্থক নিহত হয়েছে। বাংলাদেশের বিভিন্ন গণমাধ্যমে নিহতের সংখ্যা তিরিশ হতে পঞ্চাশ পর্যন্ত বলে উল্লেখ করা হচ্ছে।

তবে এসব সহিংসতার ঘটনায় ঠিক কত জন নিহত হয়েছেন, তার কোন তথ্য এখনো পর্যন্ত সরকারের তরফ থেকে জানানো হয়নি।

ঢাকায় কড়া নিরাপত্তা

এদিকে শুক্রবার জুমার নামাযের পর নতুন করে সহিংসতার আশংকায় রাজধানী ঢাকা সহ সারাদেশেই নিরাপত্তা বাহিনীকে সতর্কাবস্থায় রাখা হয়েছিল।

জামায়াতে ইসলামী আজ জুমার নামাজের পর বায়তুল মোকাররম জাতীয় মসজিদ থেকে নতুন করে বিক্ষোভের চেষ্টা করতে পারে- এমন আশংকায় মসজিদের একটি ফটক বন্ধ রাখা হয়।

বিবিসির একজন সংবাদদাতা জানাচ্ছেন, মসজিদে আজ মানুষের উপস্থিতি অন্যদিনের তুলনায় কম ছিল।

যুদ্ধাপরাধীদের বিচারের দাবিতে আন্দোলনরত তরুণরা আজ পরের দিকে ঢাকার শাহবাগে আরেকটি মহাসমাবেশের ডাক দিয়েছে।",https://www.bbc.com/bengali/news/2013/03/130301_mh_bd-violence,03/01/2013,বিবিসি বাংলা ,No,No,Yes
2013,আওয়ামী লীগ ,সব যুদ্ধাপরাধীর ফাঁসি ও জামায়াত নিষিদ্ধের দাবি,সব যুদ্ধাপরাধীর ফাঁসি ও জামায়াত নিষিদ্ধের দাবি,"সব যুদ্ধাপরাধীর ফাঁসি, জামায়াত-শিবিরের রাজনীতি নিষিদ্ধ এবং যুদ্ধাপরাধীদের অর্থনৈতিক, সামাজিক ও সাংস্কৃতিক প্রতিষ্ঠান বন্ধ না হওয়া পর্যন্ত রাজপথে সক্রিয় থাকার শপথ নিয়েছে গণজাগরণ মঞ্চ। এ ছাড়া, সারা দেশে সাম্প্রদায়িক হামলা প্রতিরোধেরও শপথ নিয়েছে মঞ্চ।
গণজাগরণের বর্ষপূর্তিতে আয়োজিত তিন দিনের অনুষ্ঠানের প্রথম দিন গতকাল বুধবার বিকেলে এই শপথ নেওয়া হয়।
গত বছরের ৫ ফেব্রুয়ারি আন্তর্জাতিক অপরাধ ট্রাইব্যুনাল মানবতাবিরোধী অপরাধের দায়ে জামায়াতে ইসলামীর সহকারী সেক্রেটারি জেনারেল আবদুল কাদের মোল্লার যাবজ্জীবন কারাদণ্ডের রায় দেন। সেই রায় প্রত্যাখ্যান করে শাহবাগে আন্দোলন গড়ে তোলে তরুণ প্রজন্ম। চেতনার প্রদীপ জ্বালানো সেই গণজাগরণে কেঁপেছে পুরো বাংলাদেশ। দেশময় ছড়িয়ে পড়েছিল শাহবাগের প্রতিধ্বনি। দেশের সীমানা ছাড়িয়ে প্রবাসী বাংলাদেশিরাও আন্দোলিত হয়েছিলেন শাহবাগের সঙ্গে।
গতকাল ৫ ফেব্রুয়ারি ছিল সেই আন্দোলনের প্রথম বর্ষপূর্তি। গণজাগরণ মঞ্চ এ উপলক্ষে তিন দিনের কর্মসূচি হাতে নিয়েছে। ওই কর্মসূচির অংশ হিসেবে সকালে প্রথমে জাতীয় স্মৃতিসৌধে এবং পরে কেন্দ্রীয় শহীদ মিনারে শ্রদ্ধা নিবেদন করেন মঞ্চের কর্মীরা। বেলা তিনটা ২৫ মিনিটে মূল কর্মসূচির শুরুতে সমবেত কণ্ঠে জাতীয় সংগীত গাওয়া হয়। এরপর গণজাগরণ মঞ্চের কর্মীদের শপথ পাঠ করান ইমরান এইচ সরকার।
শপথে যুদ্ধাপরাধীদের সর্বোচ্চ শাস্তি নিশ্চিত এবং জামায়াতে ইসলামী নিষিদ্ধ না হওয়া পর্যন্ত রাজপথে আন্দোলন চালিয়ে যাওয়ার অঙ্গীকার করা হয়। শপথ নেওয়া হয় জামায়াত-সংশ্লিষ্ট আর্থিক, সামাজিক ও সাংস্কৃতিক প্রতিষ্ঠানগুলো বয়কটের। এ ছাড়া, দেশের বিভিন্ন স্থানে সাম্প্রদায়িক সন্ত্রাস প্রতিরোধে এবং মুক্তিযুদ্ধের চেতনায় অসাম্প্রদায়িক দেশ নির্মাণের জন্য কাজ করারও অঙ্গীকার করেন গণজাগরণ মঞ্চের কর্মী-সমর্থকেরা।
শপথবাক্য পাঠ করানোর সময় মঞ্চে আরও উপস্থিত ছিলেন সাংস্কৃতিক ব্যক্তিত্ব কামাল লোহানী, হাসান ইমাম, শিল্পী হাশেম খান, মানবাধিকার সংগঠক খুশী কবির, ঢাকা বিশ্ববিদ্যালয়ের অধ্যাপক আনোয়ার হোসেন, অধ্যাপক এম এম আকাশ, সম্মিলিত সাংস্কৃতিক জোটের সভাপতি নাসির উদ্দীন ইউসুফ, নাট্যব্যক্তিত্ব রামেন্দু মজুমদার, ব্লগার মারুফ রসুল, আরিফ জেবতিক প্রমুখ।
শপথ অনুষ্ঠানের পর বিকেল পাঁচটায় শাহবাগ থেকে বের হয় ‘জাগরণযাত্রা’। কারওয়ান বাজার ঘুরে সেটি শাহবাগে ফিরে শেষ হয়। জাগরণযাত্রায় অংশগ্রহণকারীদের হাতে ছিল জাতীয় পতাকা, যুদ্ধাপরাধের দায়ে অভিযুক্ত ব্যক্তিদের কার্টুন, যুদ্ধাপরাধীদের ফাঁসির দাবিসংবলিত বিভিন্ন স্লোগানের প্ল্যাকার্ড। এ ছাড়া ট্রাকের ওপর তৈরি করা হয় প্রতীকী ফাঁসির মঞ্চ।
তিন দিনের কর্মসূচির দ্বিতীয় দিনে আজ বৃহস্পতিবার বেলা তিনটায় সাংস্কৃতিক অনুষ্ঠান, সন্ধ্যায় গণমাধ্যমকর্মীদের স্মৃতিচারণা এবং রাতে অনুষ্ঠিত হবে মুক্তিযুদ্ধের পঙিক্তমালা পাঠ। কাল শুক্রবার সকাল থেকে অনুষ্ঠিত হবে চিত্রাঙ্কন ও রচনা প্রতিযোগিতা, বিকেলে হবে জাগরণ সমাবেশ এবং সন্ধ্যায় সাংস্কৃতিক অনুষ্ঠান।
দুই মলাটের ভেতর শাহবাগ: বইয়ের নাম ‘শাহবাগ প্রজন্ম চত্বর: তারুণ্যের অবিস্মরণীয় জাগরণ’। সম্পাদনা করেছেন বাংলাদেশ নারী প্রগতি সংঘের নির্বাহী পরিচালক রোকেয়া কবীর। গতকাল জাতীয় জাদুঘরের সুফিয়া কামাল মিলনায়তনে আনুষ্ঠানিকভাবে বইটির মোড়ক খোলেন ঢাকা বিশ্ববিদ্যালয়ের উপাচার্য আ আ ম স আরেফিন সিদ্দিক ও অতিথিরা।
আ আ ম স আরেফিন সিদ্দিক বলেন, একটা সময় মনে করা হয়েছিল, নতুন প্রজন্মের মধ্যে একাত্তরের চেতনা নেই। সমাজে সংবেদনশীলতার অভাব দেখা দিয়েছে। গণজাগরণ মঞ্চ সেই ধারণাগুলো ভেঙে দিয়েছে।
অনুষ্ঠানে সভাপতিত্ব করেন শহীদজায়া শ্যামলী নাসরীন চৌধুরী। বক্তব্য দেন রোকেয়া কবীর, মুক্তিযুদ্ধ জাদুঘরের ট্রাস্টি সারওয়ার আলী, প্রথম আলোর যুগ্ম সম্পাদক সোহরাব হাসান, গণজাগরণ মঞ্চের আন্দোলনকর্মী আরিফ জেবতিক প্রমুখ।
প্রকাশনা অনুষ্ঠানে আলোচকেরা বলেন, বিভিন্ন সময়ে ইচ্ছাকৃতভাবে ইতিহাস বিকৃত করা হয়। এ ধরনের প্রকাশনা ইতিহাস বিকৃতি রোধে সহায়তা করবে। অনাগত প্রজন্মকে শাহবাগের আন্দোলনের সঙ্গে যুক্ত করবে।
এটি কোনো গবেষণা বই নয়। শাহবাগের আন্দোলনকে ঘিরে গণমাধ্যম, ইন্টারনেট বা অন্যান্য মাধ্যমে প্রকাশিত লেখাপত্র এবং শাহবাগ আন্দোলনের বিভিন্ন ঘটনা নিয়ে প্রকাশিত হয়েছে এ বই। এতে কিছু তথ্যগত ভুল আছে, যা পরবর্তী সংস্করণে সংশোধন করা হবে বলে জানালেন রোকেয়া কবীর।",https://www.prothomalo.com/bangladesh/%E0%A6%B8%E0%A6%AC-%E0%A6%AF%E0%A7%81%E0%A6%A6%E0%A7%8D%E0%A6%A7%E0%A6%BE%E0%A6%AA%E0%A6%B0%E0%A6%BE%E0%A6%A7%E0%A7%80%E0%A6%B0-%E0%A6%AB%E0%A6%BE%E0%A6%81%E0%A6%B8%E0%A6%BF-%E0%A6%93-%E0%A6%9C%E0%A6%BE%E0%A6%AE%E0%A6%BE%E0%A7%9F%E0%A6%BE%E0%A6%A4-%E0%A6%A8%E0%A6%BF%E0%A6%B7%E0%A6%BF%E0%A6%A6%E0%A7%8D%E0%A6%A7%E0%A7%87%E0%A6%B0-%E0%A6%A6%E0%A6%BE%E0%A6%AC%E0%A6%BF,0২/01/2014,প্রথম আলো ,No,No,Yes
2013,আওয়ামী লীগ ,রানা প্লাজা ধসে পড়ার ন'টি কারণ: বিজিএমইএ,রানা প্লাজা ধসে পড়ার ন'টি কারণ: বিজিএমইএ,"বাংলাদেশের রাজধানী ঢাকার কাছে সাভারে রানা প্লাজা ধসে পড়ার কারণ হিসেবে মোট ন’টি কারণের কথা উল্লেখ করেছে গার্মেন্ট মালিকদের সমিতি বিজিএমইএ।

রানা প্লাজার মালিক, ভবনের ভেতরে অবস্থিত গার্মেন্ট কারখানাগুলোর মালিক ও স্থানীয় কর্তৃপক্ষকে দায়ী করা হলেও এই ঘটনায় তাদের নিজেদের কোন দায় নেই বলে বিজিএমইএ দাবি করেছে।

বহুতল এই ভবন ধসে এগারোশ’রও বেশি শ্রমিক নিহত হওয়ার প্রায় দু’মাস পর তারা তাদের তদন্তে পাওয়া এই কারণগুলোর কথা উল্লেখ করেছে।

রানা প্লাজা ধসের কারণ হিসাবে বিজিএমইএ বলছে, নকশা বহির্ভূতভাবে ভবন নির্মাণ, নিচু মানের সামগ্রী ব্যবহারই প্রধান কারণ।

এছাড়াও ভবনের নিন্মমানের পিলার, ফ্লোরে জেনারেটর স্থাপন, বয়লার আর ভারী মেশিন বসানো, অতিরিক্ত কাঁচামাল আর ধারণ ক্ষমতার বেশি কর্মী থাকা- ভবন ধসের জন্য এরকম মোট ন’টি কারণ সনাক্ত করেছে বিজিএমইএ।

এজন্য মূলত ভবনের মালিক সোহেল রানাকেই দায়ী করেছে এই সংগঠনটি।

হতাহতের জন্যে বিজিএমইএ’র এই রিপোর্টে ভবন নির্মাণে অনুমতি আর তদারকির জন্যে সাভার পৌরসভার সংশ্লিষ্ট কর্মকর্তাবৃন্দ, নিয়মিত তদারকি না করা, কলকারখানা পরিদর্শন বিভাগ, ভবন নির্মাণের মান, মাটি পরীক্ষা ইত্যাদিতে অবহেলার জন্যে রাজধানী উন্নয়ন কর্তৃপক্ষ রাজউক ও স্থানীয় কর্তৃপক্ষকে দায়ী করা হয়েছে এই প্রতিবেদনে।

তবে বিজিএমইএ দাবি করেছে, তাদের দায়িত্বে কোনও ধরনের অবহেলার ঘটনা ঘটেনি।  রানা প্লাজা ধসের ঘটনায় এর আগে প্রকাশিত সরকারি তদন্ত কমিটির রিপোর্টের মতোই এর জন্যে দায়ী ব্যক্তিদের আইনের আওতায় আনার সুপারিশ করেছে বিজিএমইএ।

এদের অনেকেই গ্রেপ্তারের পর এখন কারাগারে আটক রয়েছেন।

সংগঠনটি বলছে, রানা প্লাজার ভবন ধসের ঘটনায় তারা শিক্ষা নিয়েছেন, এখন অন্য কারখানাগুলোর নিরাপত্তা ব্যবস্থাও তারা খতিয়ে দেখছেন।

ভবিষ্যতে এ ধরণের ঘটনা এড়াতে সরকারি সব দপ্তরকে তদারকি বাড়ানো আর যাচাই বাছাইয়ের পর কারখানার লাইসেন্স দেয়ার জন্য পরামর্শ দিয়েছে বিজিএমইএ।

গার্মেন্ট মালিকদের নেতারা বলছেন, বাংলাদেশের তৈরি পোশাক খাতের শ্রমিকদের নিরাপত্তা ব্যবস্থা উন্নত করার চেষ্টা চলছে।

এছাড়াও রানা প্লাজা ধসের ঘটনায় ক্ষতিগ্রস্তদের সবাইকে পুনর্বাসনের চেষ্টা করা হচ্ছে বলেও বিজিএমইএ দাবি করেছে।",https://www.bbc.com/bengali/news/2013/06/130626_mrk_bgmea_rana_plaza_garments_enquiry,06/26/2013,বিবিসি বাংলা ,No,Yes,No
2013,আওয়ামী লীগ ,অনেককেই পথে বসিয়েছেন রানা,অনেককেই পথে বসিয়েছেন রানা,"সহস্রাধিক মানুষের প্রাণসংহার। হাজারো মানুষের রক্ত আর পঙ্গুত্বের জীবন। এতেই শেষ হচ্ছে না রানা প্লাজা ধসের ইতিহাস। ধসে পড়া রানা প্লাজার মালিক সোহেল রানা আরও অনেককেই পথে বসিয়েছেন।
ধসে পড়া ভবনের চাপে পাশের রবীন্দ্র সরকারের শুধু ভবনই ভাঙেনি, কেড়ে নিয়েছে স্বাচ্ছন্দ্যের জীবনও। রানা প্লাজায় দোকানের মালিক কিংবা সেখানে ব্যবসা করা তিন শতাধিক লোকও প্রায় নিঃস্ব। কারও কেনা দোকান গেছে। কারও গেছে ব্যবসার পুঁজি। রানা প্লাজার ব্যবসায়ীরা সাধারণত দোকান খুলতেন সকাল সাড়ে নয়টায়। এর আগেই ভবন ধসে পড়ায় তাঁদের প্রাণ রক্ষা পেলেও হারিয়েছেন সচ্ছল ও স্বাচ্ছন্দ্যের জীবন।
ব্যবসায়ীরা জানান, রানা প্লাজার নিচতলা ও দ্বিতীয় তলায় ১৪১টি দোকান ছিল। এর মধ্যে আট-নয়টি রানার নিজের। বাকিগুলোর সবই বিক্রি করা হয়েছিল।
পুঁজি হারানোদের বিচিত্র গল্প: দেলোয়ার হোসেন ধারদেনা করে রানা প্লাজায় একটি কাপড়ের দোকান দিয়েছিলেন। পরিবার নিয়ে ভালোই দিন কাটছিল তাঁর। কিন্তু রানা প্লাজা ধসে মুহূর্তের মধ্যে সব ওলটপালট হয়ে যায় দেলোয়ারের। ব্যবসায়ী থেকে এখন দারোয়ানে পরিণত হয়েছেন। দেলোয়ার বলেন, ‘পরিবারের সদস্যদের বাড়িতে পাঠিয়ে দিয়েছি। নিজে আশুলিয়ায় একটি কারখানায় দারোয়ানের কাজ করছি। পেট তো চালাতে হবে।’
রানা প্লাজা ধসের পর সেখানকার কিছু কিছু ব্যবসায়ী সাভার নিউমার্কেটসহ বিভিন্ন স্থানে ধারদেনা করে দোকান দিয়েছেন। যাঁরা সে রকম ব্যবস্থা করতে পারেননি, তাঁদের অনেকেই সাংবাদিক এসেছে জেনে সেখানে জড়ো হন।
মো. সেলিম জানান, দুই লাখ টাকা অগ্রিম দিয়ে একটি দোকান ভাড়া নিয়ে বুটিকের ব্যবসা শুরু করেছিলেন। এখন তিনি সাভার সিটি সেন্টারে একটি দোকানের বিক্রয়কর্মী। হঠাৎ এই ছন্দপতনে স্ত্রী ছেলেকে নিয়ে বাবার বাড়ি চলে গেছেন।
আরেক ব্যবসায়ী সানোয়ার হোসেন বলেন, ৪০ লাখ টাকায় দুটি দোকান কিনেছিলেন তিনি। একটিতে নিজে কসমেটিকসের দোকান দিয়েছিলেন, অন্যটি ভাড়া। ভবন ধসে দুটিই গেছে। সঙ্গে গেছে প্রায় ১৬ লাখ টাকার মালামাল। সানোয়ার জানান, যে দোকানটি ভাড়া দিয়েছিলেন, সেই দোকানের ব্যবসায়ীর কাছ থেকে তিনি দুই লাখ টাকা অগ্রিম নিয়েছিলেন। ওই দোকানদার কয়েক লাখ টাকার মালামাল হারিয়ে অগ্রিম টাকা চাইছেন। তিনি বলেন, ‘নিজেই খাইতে পারি না। অগ্রিম টাকা ফেরত দেব কীভাবে?’
রূপের নারী বুটিকের দোকান ছিল মো. রাসেলের। তিনি জানান, দোকানমালিককে সাড়ে তিন লাখ টাকা অগ্রিম দিয়ে ব্যবসা শুরু করেছিলেন। ব্যবসাও ভালোই চলছিল। এখন রাসেল পুরোপুরিই বেকার। ওই দোকানের মালিক মোখলেছুর রহমান বলেন, তিনি বিদেশে চাকরি করে কষ্টের টাকায়

দোকানটি কিনেছিলেন। এখন দুজনই সব হারিয়েছেন।
ফারিয়া ফ্যাশন, খাদি আড়ং ও লেইস হাউস নামে তিনটি দোকান ভাড়া নিয়ে ব্যবসা করছিলেন মো. ফারুক ও তাঁর ভাই। ফারুক জানান, দোকানমালিককে অগ্রিম দিয়েছেন তিন লাখ টাকা। আর দোকানে মালামাল ছিল প্রায় ৩০ লাখ টাকার। সব হারিয়ে এখন পোশাক কারখানায় কাজ নিয়েছেন। স্ত্রী-সন্তানকে গ্রামের বাড়িতে পাঠিয়ে দিয়েছেন।
রবীন্দ্রের দুঃখ শেষ হচ্ছে না: ধসে পড়া রানা প্লাজার দক্ষিণ পাশ ঘেঁষেই ছিল তিনতলা ভবন। ভবনটির মালিক ব্যবসায়ী রবীন্দ্রনাথ সরকার। রানা প্লাজা ধসের সময় তাঁর ভবনের অধিকাংশই গুঁড়িয়ে যায়। ভবনে থাকলেও সৌভাগ্যক্রমে স্ত্রী অরুণা সরকারসহ বেঁচে যান তিনি। তবে বাসার গৃহপরিচারিকা কল্পনার মেয়ে শুক্লাসহ (৯) মারা যায় তাঁর প্রতিষ্ঠানের চার কর্মচারী।
রবীন্দ্রনাথ বলেন, রানা প্লাজার দক্ষিণ ও পূর্ব পাশে ছোট বলিমেহের মৌজায় তাঁর এক একরেরও বেশি জমি রয়েছে। এর মধ্যে রানা প্লাজার মালিক সোহেল রানার বাবা আবদুল খালেকের কাছ থেকে ক্রয় করেছিলেন সাড়ে চার শতাংশ। ভবন ধসের পর রানার মালিকানাধীন জমির সঙ্গে তাঁর প্রায় সব জমি কাঁটাতারের বেড়া দিয়ে আটকে দিয়েছে স্থানীয় প্রশাসন। এখনো ওই জমি সরকারের হেফাজতেই রয়েছে।
রবীন্দ্রনাথ আরও বলেন, রানার বাবার কাছ থেকে কেনা জমির দখল নেওয়ার পাশাপাশি সেখানে ভবন নির্মাণ করতে গিয়ে তাঁকে রানার বাধার মুখে পড়তে হয়। এ নিয়ে মামলা করেও আইনগত কোনো সহায়তা পাননি। ওই জমি নিয়ে বিরোধের জের ধরে রানার ভয়ে তাঁকে দেশ ছেড়ে পালিয়েও থাকতে হয়েছে। বছর খানেক পালিয়ে থাকার পর দুই প্রধান দলের বিভিন্ন পর্যায়ের নেতাদের সহায়তায় তিনি ওই জমির দখল পান। এখন আর কিছুই নেই।",https://www.prothomalo.com/bangladesh/%E0%A6%85%E0%A6%A8%E0%A7%87%E0%A6%95%E0%A6%95%E0%A7%87%E0%A6%87-%E0%A6%AA%E0%A6%A5%E0%A7%87-%E0%A6%AC%E0%A6%B8%E0%A6%BF%E0%A7%9F%E0%A7%87%E0%A6%9B%E0%A7%87%E0%A6%A8-%E0%A6%B0%E0%A6%BE%E0%A6%A8%E0%A6%BE,04/23/2014,প্রথম আলো,No,No,Yes
2013,আওয়ামী লীগ ,মাথাপিছু আয় বেড়ে ১০৪৪ ডলার,মাথাপিছু আয় বেড়ে ১০৪৪ ডলার,"অর্থমন্ত্রী আবুল মাল আবদুল মুহিত বুধবার পরিসংখ্যান ভবনে এক অনুষ্ঠানে এ ঘোষণা দেন। 

তিনি বলেন, এখন থেকে ২০০৫-০৬ অর্থবছরকে ভিত্তি বছর ধরে জিডিপি প্রবৃদ্ধির হিসাব করা হবে।

“এই হিসাবে ২০১২-১৩ অর্থবছরে মাথাপিছু জাতীয় আয় বছরে ৯২৩ ডলার থেকে বেড়ে হয়েছে ১ হাজার ৪৪ ডলার।”

এর আগে পরিসংখ্যান ব্যুরোর যুগ্ম পরিচালক আবুল কালাম আজাদ জিডিপি প্রবৃদ্ধির ভিত্তিবছর পরিবর্তন সংক্রান্ত একটি প্রতিবেদন উপস্থাপন করেন।

এতে বলা হয়, ২০০৫-০৬ এর তথ্যকে ভিত্তি ধরে প্রাথমিক হিসাবে ২০১২-১৩ অর্থবছরের জিডিপি প্রবৃদ্ধির হার দাঁড়ায় ৬ দশমিক ১৮ শতাংশ। আর পুরনো, অর্থ্যাৎ ১৯৯৫-৯৬ ভিত্তি বছরের হিসাবে এ হার ৬ দশমিক ০৩ শতাংশ।

নতুন ভিত্তি বছরের হিসাবে জিডিপির আকার পুরনো ভিত্তি বছরের তুলনায় ১৩ শতাংশ বেড়েছে বলেও জানান তিনি।

স্বাধীনতার পর ১৯৭২-৭৩ সালকে ভিত্তি বছর ধরে সর্বপ্রথম জিডিপি প্রাক্কলন শুরু হয়। এরপর ১৯৯৩ সালে ১৯৮৪-৮৫ সালকে ভিত্তি ধরে শুরু হয় জিডিপির হিসাব। ২০০০ সাল থেকে ১৯৯৫-৯৬ বছরকে ভিত্তি ধরে জিডিপির হিসাব প্রকাশ করা হচ্ছিল।

প্রতিবেদনে বলা হয়, ভিত্তি বছর পরিবর্তনের ফলে কৃষি খাতের শস্য উপ খাতে ২৪টি নতুন শস্যসহ মোট ১২৪টি শস্যের উৎপাদনের তথ্য অন্তর্ভুক্ত করা হয়েছে। এর ফলে কৃষি খাতে ‘গ্রস ভ্যালু অ্যাডেড (জিভিএ) প্রায় ৯ শতাংশ বাড়বে।

এছাড়া শিল্প খাতে জিভিএ ৫ শতাংশ এবং সেবা খাতে ১৬ শতাংশ বাড়বে বলে প্রতিবেদনে উল্লেখ করা হয়।

অর্থমন্ত্রী ছাড়াও পরিকল্পনামন্ত্রী এ কে খন্দকার, মৎস্য ও প্রাণী সম্পদমন্ত্রী আব্দুল লতিফ বিশ্বাস, খাদ্যমন্ত্রী আব্দুর রাজ্জাক, জিডিপি ভিত্তি বছর পরিবর্তন সংক্রান্ত টেকনিক্যাল কমিটির প্রধান অধ্যাপক ওয়াহিদউদ্দিন মাহমুদ, পরিসংখ্যান ব্যুরোর মহাপরিচালক গোলাম মোস্তফা কামাল অনুষ্ঠানে বক্তব্য দেন।

অর্থমন্ত্রী বলেন, “সামাজিক নিরাপত্তা খাতসহ অর্থনীতির বিভিন্ন সূচকে গত কয়েক বছর ধরে আমরা ভাল করছি। তারই ইতিবাচক ফল হচ্ছে মাথাপিছু আয়ের এই উন্নতি।”

আওয়ামী লীগ নেতৃত্বাধীন বর্তমান সরকার পরিসংখ্যানকে সব সময় ‘রাজনীতির ঊর্ধ্বে’ রাখার চেষ্টা করেছে বলেও মন্তব্য করেন মুহিত।

মুহিত বলেন, ভিত্তি বছর পরিবর্তনের ফলে অনেক নতুন নতুন খাত যোগ হয়েছে। এর ফলে জিডিপি প্রবৃদ্ধিও কিছুটা বাড়তে পারে।

সরকার চলতি ২০১৩-১৪ অর্থবছরে (আগের ভিত্তি বছরের হিসাবে) ৭ দশমিক ২ শতাংশ জিডিপি প্রবৃদ্ধি অর্জনের আশা করছে।",https://bangla.bdnews24.com/economy/article667533.bdnews,09/07/2013,বাংলা বিবিসি,Yes,No,No
2014,আওয়ামী লীগ ,মধ্যম আয়ের দেশ বনাম স্বল্পোন্নত দেশ ,মধ্যম আয়ের দেশ বনাম স্বল্পোন্নত দেশ,"অর্থনীতি
মধ্যম আয়ের দেশ বনাম স্বল্পোন্নত দেশ
ফাহমিদা খাতুন

বর্তমানে বিভিন্ন আন্তর্জাতিক সংস্থা বিশ্বের দেশগুলোকে তাদের আয় এবং সামাজিক কিছু সূচকের ভিত্তিতে কয়েকটি ভাগে ভাগ করে থাকে। এগুলো মধ্যে বিশ্বব্যাংক এবং জাতিসংঘ আলাদা আলাদা পদ্ধতি ব্যবহার করে থাকে। যেমন, বিশ্বব্যাংক ঋণ প্রদানের সুবিধার জন্য সদস্যদেশগুলোকে নিম্ন আয়ের দেশ, নিম্নমধ্যম আয়ের দেশ, উচ্চমধ্যম আয়ের দেশ এবং উচ্চ আয়ের দেশ—এই চার ভাগে ভাগ করেছে। ২০১৫ অর্থবছরে নিম্নমধ্যম আয়ের দেশ হতে হলে বিশ্বব্যাংকের অ্যাটলাস পদ্ধতিতে মাথাপিছু আয় এক হাজার ৪৫ থেকে চার হাজার ১২৫ ডলার হতে হবে। আর উচ্চমধ্যম আয়ের দেশের মাথাপিছু আয় হতে হবে চার হাজার ১২৬ থেকে ১২ হাজার ৭৪৫ ডলার। প্রতিবছর এই তালিকা নতুন করে তৈরি করা হয়। তবে এই ভাগটি শুধু আয়ভিত্তিক বলে এখানে কোনো দেশের সামগ্রিক উন্নয়নের চিত্রটি বোঝা যায় না। কেননা, উচ্চ মাথাপিছু আয় থাকার পরও কাঠামোগত দুর্বলতার কারণে অনেক দেশ সামাজিক সূচকে পিছিয়ে থাকে।

তাই জাতিসংঘ অর্থনৈতিক ও সামাজিক সূচকের ভিত্তিতে বিশ্বের দেশগুলোকে তিনটি ভাগে ভাগ করেছে: স্বল্পোন্নত, উন্নয়নশীল ও উন্নত দেশ। অর্থনৈতিক এবং সামাজিক কাউন্সিলের (ইকোসোক) উন্নয়ন নীতিমালাবিষয়ক কমিটি বা কমিটি ফর ডেভেলপমেন্ট পলিসি (সিডিপি) তিনটি সূচকের ভিত্তিতে তিন বছর পর পর এলডিসির তালিকা তৈরি করে থাকে। এই কমিটির সুপারিশ অনুযায়ী স্বল্পোন্নত দেশ থেকে বেরিয়ে আসার সূচকগুলো হচ্ছে: (ক) মাথাপিছু আয়: তিন বছরের গড় মাথাপিছু জাতীয় আয় (জিএনআই); (খ) মানবসম্পদ সূচক, যেটি পুষ্টি, স্বাস্থ্য, স্কুলে ভর্তি ও শিক্ষার হারের সমন্বয়ে তৈরি হয়; (গ) অর্থনৈতিক ভঙ্গুরতা সূচক, যেটি প্রাকৃতিক দুর্যোগ, বাণিজ্য ও অর্থনৈতিক আঘাত, জনসংখ্যার পরিমাণ এবং বিশ্ববাজার থেকে একটি দেশের দূরত্বের ওপর ভিত্তি করে তৈরি করা হয়। একটি দেশ যেকোনো দুটি সূচক অর্জন করতে পারলে, সেটি স্বল্পোন্নত দেশ থেকে উত্তরণ ঘটানোর যোগ্যতা অর্জন করে। তবে ইচ্ছে করলে কোনো দেশ শুধু আয়ের ভিত্তিতেও এলডিসি থেকে বেরিয়ে আসার আবেদন করতে পারে। সে ক্ষেত্রে তার মাথাপিছু আয় মূল্যায়নের বছরে নির্ধারিত প্রয়োজনীয় আয়ের দ্বিগুণ হতে হবে। যেমন ইকুয়েটরিয়াল গিনি ১৪ হাজার ৩২০ ডলার মাথাপিছু আয় নিয়েও স্বল্পোন্নত দেশের তালিকায় রয়েছে। তেমনি সার্কভুক্ত দেশ ভুটান মাথাপিছু আয় দুই হাজার ৪৬০ ডলার সত্ত্বেও একটি এলডিসি। তাই মধ্যম আয়ের দেশ হলেই স্বল্পোন্নত দেশ থেকে উত্তরণ ঘটে না।

বাংলাদেশ স্বল্পোন্নত দেশের তালিকায় অন্তর্ভুক্ত হয়েছে ১৯৭৫ সালে। ২০১২ সালে জাতিসংঘ নির্ধারিত মানদণ্ড অনুযায়ী বাংলাদেশ এখনো একটি স্বল্পোন্নত দেশ, যেহেতু বাংলাদেশের মাথাপিছু আয় ২০১৩ সালে ৯০০ ডলার, মানবসম্পদ সূচক ৫৪ দশমিক ৭ এবং অর্থনৈতিক ভঙ্গুরতা সূচক ৩২ দশমিক ৪ ছিল। এখানে উল্লেখ করা প্রয়োজন যে বাংলাদেশ পরিসংখ্যান ব্যুরো ২০০৫-০৬ অর্থবছরকে ভিত্তি বছর ধরে মাথাপিছু জাতীয় আয়ের যে হিসাব করেছে, সেখানে ২০১৩ সালে বাংলাদেশের মাথাপিছু আয় এক হাজার ৫৪ ডলার হিসাব করা হয়েছে। কিন্তু আঙ্কটাড এলডিসি রিপোর্টে স্বল্পোন্নত দেশগুলোর মাথাপিছু জাতীয় আয় বিশ্বব্যাংক প্রণীত অ্যাটলাস পদ্ধতিতে হিসাব করা হয়ে থাকে। সব দেশের জন্য একই পদ্ধতি ব্যবহার হয় বলে এখানে সামঞ্জস্য রয়েছে। বিশ্বব্যাংকের মানদণ্ড অনুযায়ী বাংলাদেশ এখনো নিম্ন আয়ের দেশ। তবে বাংলাদেশের জাতীয় আয় প্রবৃদ্ধির গতিধারা দেখলে সহজেই অনুমেয় যে বাংলাদেশ আগামী কয়েক বছরের মধ্যেই নিম্নমধ্যম আয়ের দেশে পরিণত হবে।

এলডিসি থেকে উত্তরণসংক্রান্ত জাতিসংঘের পরবর্তী মূল্যায়ন হবে ২০১৫ সালে। তখন আরও দুটি দেশের সম্ভাব্য উত্তরণ-প্রক্রিয়ায় পর্যালোচনা করা হবে। দেশ দুটি হচ্ছে অ্যাঙ্গোলা ও কিরিবাতি, যাদের মাথাপিছু জাতীয় আয় ২০১৩ সালে ছিল যথাক্রমে পাঁচ হাজার ১০ ও দুই হাজার ৬২০ ডলার। বাংলাদেশ ২০১৫ সালের পর্যবেক্ষণে অন্তর্ভুক্ত হতে চাইলে তার মাথাপিছু আয় এক হাজার ২৪২ ডলার হওয়া প্রয়োজন। তার ওপরে মানবসম্পদ বা অর্থনৈতিক ভঙ্গুরতা সূচকের যেকোনো একটি পূরণ করা প্রয়োজন। আর যদি শুধু মাথাপিছু আয়ের ভিত্তিতে আমরা উত্তরণ ঘটাতে চাই, তাহলে মাথাপিছু জাতীয় আয় তিন বছর ধরে গড়ে দুই হাজার ৪৮৪ ডলার হওয়া প্রয়োজন। তাই ২০১৮ সালের আগে এলডিসি থেকে বেরিয়ে আসার প্রক্রিয়ার মধ্যে বাংলাদেশের নাম অন্তর্ভুক্ত হচ্ছে না। মাথাপিছু আয়, মানবসম্পদ এবং অর্থনৈতিক ভঙ্গুরতা সূচকে বাংলাদেশ সামনের বছরগুলোতে আরও অগ্রগতি সাধন করবে, তাতে সন্দেহ নেই। কেননা, জিডিপি প্রবৃদ্ধি, রপ্তানি, রেমিট্যান্স, খাদ্যনিরাপত্তা ও এমডিজির সামাজিক সূচকে বাংলাদেশের অর্জন প্রশংসনীয়। তাহলে আশা করা যায়, ২০১৮ সালের মূল্যায়ন-প্রক্রিয়ায় বাংলাদেশ অন্তর্ভুক্ত হবে। ২০১৮ থেকে ২০২১ সাল পর্যন্ত বাংলাদেশের অগ্রগতি পর্যবেক্ষণের পরিপ্রেক্ষিতে জাতিসংঘের উন্নয়ন নীতিমালাবিষয়ক কমিটি ২০২১ সালে বাংলাদেশকে স্বল্পোন্নত দেশ থেকে উত্তরণের জন্য সুপারিশ করবে। তখন জাতিসংঘের উন্নয়ন নীতিমালাবিষয়ক কমিটি বাংলাদেশকে উত্তরণ বিষয়ে তার বক্তব্য উপস্থাপনের অনুরোধ জানাবে। যদি ধরে নেওয়া হয় যে জাতিসংঘের ইকোসোক, উন্নয়ন নীতিমালাবিষয়ক কমিটির সুপারিশ অনুমোদন করল এবং জাতিসংঘের সাধারণ পরিষদ ২০২১ সালেই তা গ্রহণ করল। তাহলে নিয়ম অনুযায়ী বাংলাদেশের স্বল্পোন্নত দেশ থেকে বেরিয়ে আসার সিদ্ধান্তটি কার্যকর হবে স্বীকৃতি দেওয়ার তিন বছর পর অর্থাৎ ২০২৪ সালে। ২০২১ থেকে ২০২৪— এই তিন বছরকে গ্রেস পিরিয়ড বলা হয়, যাতে দেশটির উত্তরণ-প্রক্রিয়াটি সহজ হয়। এই গ্রেস পিরিয়ডে দেশটি স্বল্পোন্নত দেশ হিসেবেই থাকে। এই সময়ে দেশটি উত্তরণের কৌশল তৈরি করবে এবং জাতিসংঘের কমিটি তার উন্নয়ন পর্যবেক্ষণ করবে।

স্বল্পোন্নত দেশ থেকে বেরিয়ে আসার আকাঙ্ক্ষা সব দেশেরই। কেননা, এর সঙ্গে দেশের সম্মান, আন্তর্জাতিক মহলে স্বীকৃতি ইত্যাদি জড়িত রয়েছে। বাংলাদেশ একটি অগ্রসরমাণ দেশ। মোট দেশজ উৎপাদন প্রবৃদ্ধির হার তুলনীয় অনেক দেশের চেয়ে বেশি। আর সামাজিক খাতে বাংলাদেশের সাফল্য তো বিশ্বব্যাপী স্বীকৃত। কিন্তু তারপরও বাংলাদেশ একটি স্বল্পোন্নত দেশ! এটি আমাদের জন্য সুখকর নয়। স্বল্পোন্নত দেশ থেকে উত্তরণ ঘটলে বহির্বিশ্বে বাংলাদেশের মর্যাদা বাড়বে। আন্তর্জাতিক বিভিন্ন প্রভাবশালী গোষ্ঠীগুলোর সঙ্গে আমরা এক কাতারে দাঁড়াতে পারব। কিন্তু অবকাঠামোগত দুর্বলতা, রাজনৈতিক স্থিতিশীলতার অভাব এবং সুশাসনের ঘাটতির জন্য আমরা দ্রুত অগ্রসর হতে পারছি না। মনে রাখতে হবে, স্বল্পোন্নত দেশ থেকে বেরিয়ে আসার সঙ্গে সঙ্গে আমরা বেশ কিছু সুবিধা থেকে বঞ্চিত হব। এর মধ্যে অন্যতম হচ্ছে শুল্কমুক্ত বাজারসুবিধা। ইউরোপীয় ইউনিয়নসহ অস্ট্রেলিয়া, কানাডা ইত্যাদি উন্নত দেশে আমরা আমাদের রপ্তানি পণ্য, বিশেষ করে তৈরি পোশাকশিল্পের ক্ষেত্রে শুল্কমুক্ত প্রবেশাধিকার পাই। উন্নয়নশীল দেশ হলে আমরা এই সুবিধা থেকে বঞ্চিত হব। তখন আমাদের প্রতিযোগী দেশ যেমন চীন ও ভিয়েতনামের মতো শর্তে পণ্য রপ্তানি করতে হবে। এ ছাড়া বাণিজ্যসংক্রান্ত মেধাস্বত্ব আইন বা ট্রিপস এবং বাণিজ্য-সংক্রান্ত বিশেষ সুবিধাগুলো আমরা আর পাব না।

তবে প্রশ্ন হচ্ছে, শুধু এই সুবিধা পাওয়ার জন্যই আমরা স্বল্পোন্নত দেশে রয়ে যাব কি না। আর শুল্কমুক্ত সুবিধা সারা জীবন শুধু স্বল্পোন্নত দেশের জন্যও থাকবে না। বিশ্ব বাণিজ্য সংস্থার দোহা রাউন্ডের চুক্তিগুলো বাস্তবায়িত হলে শুল্ক এমনিতেই সবার জন্য কমে যাবে। তখন আর আমাদের জন্য অগ্রাধিকারমূলক শুল্কসুবিধা থাকবে না। তা ছাড়া, বর্তমানে বিভিন্ন দ্বিপক্ষীয় বাণিজ্য চুক্তিগুলোতেও শুল্ক হারে ছাড় দেওয়া হচ্ছে। সুতরাং স্বল্পোন্নত দেশ হওয়ার সুবিধা একসময় শেষ হয়ে যাবে। তাই আমাদের লক্ষ্য হবে প্রবৃদ্ধির গতি ত্বরান্বিত করে, মানবসম্পদের উন্নয়ন ঘটিয়ে এবং অর্থনৈতিক নাজুকতা কাটিয়ে উন্নয়নশীল দেশ হিসেবে আবির্ভূত হওয়া।",https://cpd.org.bd/%E0%A6%AE%E0%A6%A7%E0%A7%8D%E0%A6%AF%E0%A6%AE-%E0%A6%86%E0%A6%AF%E0%A6%BC%E0%A7%87%E0%A6%B0-%E0%A6%A6%E0%A7%87%E0%A6%B6/,১২/১৭/২০১৪,CPD,No,No,Yes
2014,আওয়ামী লীগ ,মধ্যম আয়ের দেশের পথরেখা,মধ্যম আয়ের দেশের পথরেখা,"বাংলাদেশ যে এগিয়ে যাচ্ছে তা এখন বিশ্বব্যাপী স্বীকৃত। বিশেষ করে সামাজিক সূচকে বাংলাদেশের অগ্রগতি এখন অনেক দেশের জন্যই উদাহরণ। একসময়ের ‘তলাবিহীন ঝুড়ি’ বাংলাদেশ এখন মধ্যম আয়ের দেশের পথে। আমরা যেমন মধ্যম আয়ের দেশ হতে চাই, আকাঙ্ক্ষা উন্নয়নশীল দেশ হওয়ারও। তবে কেবল প্রবৃদ্ধিনির্ভর মধ্যম আয়ের দেশ হওয়ার পাশাপাশি আমাদের আকাঙ্ক্ষা হবে সামগ্রিক উন্নয়নের। মধ্যম আয়ের দেশের পথরেখার এই পুরো আয়োজনটি লিখেছেন শওকত হোসেন

.
.
লক্ষ্য ২০২১
মধ্যম আয়ের দেশ হতে চায় বাংলাদেশ। সরকারের একটি প্রেক্ষিত পরিকল্পনা ২০১০-২১ রয়েছে। সেখানে রয়েছে ২০২১ সাল নাগাদ মধ্য আয়ের দেশে পরিণত হওয়ার আকাঙ্ক্ষার কথা। বলা আছে, ২০২১ সালে বাংলাদেশের লক্ষ্য মাথাপিছু আয় ২০০০ ডলার করা, সে সময় প্রবৃদ্ধির হার হবে ১০ শতাংশ।
আবার দশম জাতীয় সংসদ নির্বাচন-২০১৪ এর জন্য তৈরি আওয়ামী লীগের নির্বাচনী ইশতেহারেও বলা আছে, ‘আলোকোজ্জ্বল ভবিষ্যতের দিকে পা বাড়িয়েছে বাংলাদেশ। শুরু হয়েছে দারিদ্র্য ও পশ্চাৎপদতা হতে মধ্যম আয়ের দেশে উত্তরণের ঐতিহাসিক কালপর্ব।’ এরও আগে ২০০৬ সালে গবেষণা সংস্থা সেন্টার ফর পলিসি ডায়ালগ (সিপিডি) রূপকল্প তৈরি করে স্বাধীনতার ৫০ বছরে মধ্যম আয়ের দেশ হওয়ার কথা বলেছিল।
কোথায় আছি, কোথায় যেতে চাই
প্রবৃদ্ধি ৬.১% আর মাথাপিছু আয় ছিল ৮৪৩ ডলার, তবে মূল্যস্ফীতি ৭.৫% থাকায় জীবন যাত্রার ব্যয় ছিল বেশি
কেন ২০২১
২০২১ সাল হবে বাংলাদেশের স্বাধীনতার ৫০ বছর। বছরটি বাংলাদেশ উদ্যাপন করতে চায় মধ্যম আয়ের দেশ হয়ে। সবার আকাঙ্ক্ষা, ২০২১ সালের বাংলাদেশ হবে এমন একটি দেশ, যে দেশটিকে সবাই মিলে এগিয়ে নিয়ে যাবে।

পরিমাপের পদ্ধতি
বিশ্বব্যাংক মাথাপিছু জাতীয় আয় পরিমাপ করে থাকে যে পদ্ধতিতে, তাকে বলা হয় এটলাস মেথড। একটি দেশের স্থানীয় মুদ্রার মোট জাতীয় আয়কে (জিএনআই) মার্কিন ডলারে রূপান্তর করা হয়। এই রূপান্তর হয় এটলাস পদ্ধতিতে। অর্থাৎ এ ক্ষেত্রে তিন বছরের গড় বিনিময় হারকে সমন্বয় করা হয়। যাতে করে আন্তর্জাতিক মূল্যস্ফীতি ও বিনিময় হারের ওঠানামা সমন্বয় হয়। এ কারণে বাংলাদেশ পরিসংখ্যান ব্যুরোর (বিবিএস) হিসাব আর বিশ্বব্যাংকের হিসাব এক হয় না।

মধ্যম আয়ের দেশ কী
মধ্যম আয়ের দেশ—এই শ্রেণীকরণটি মূলত বিশ্বব্যাংকের। কোন দেশকে কী পরিমাণ ঋণ দেওয়া হবে, সেটি নির্ধারণ করতেই তারা দেশগুলোকে চার ভাগে ভাগ করে। মোট জাতীয় উৎপাদনে (জিএনআই) মাথাপিছু আয়ের ভিত্তিতে দেশের বিভাজন:
নিম্ন আয়
কমপক্ষে ১০৪৫ ডলার
নিম্ন মধ্যম আয়
১০৪৬ ডলার–৪১২৫ ডলার
উচ্চ মধ্যম আয়
৪১২৬ ডলার–১২৭৪৫ ডলার
উচ্চ আয়
১২৭৪৬ ডলারের বেশি
প্রতিবছরের ১ জুলাই বিশ্বব্যাংক এই শ্রেণীকরণের তালিকা প্রকাশ করে।

যা করতে হবে
এখন অর্থনীতি যেভাবে এগোচ্ছে, সেই ধারায় এগোলে ২০২১ সালে বাংলাদেশ মধ্যম আয়ের দেশ হবে না। বাংলাদেশের অর্থনীতির গতিকে আরও বাড়াতে হবে।
জিডিপির প্রবৃদ্ধির হার এখনকার ৬ দশমিক ২ শতাংশ থেকে বাড়িয়ে ৭ দশমিক ৫-৮ শতাংশ করতে হবে। প্রবাসী-আয়ে প্রবৃদ্ধি রাখতে হবে ৮ শতাংশ। বিনিয়োগ বাড়াতে হবে জিডিপির আরও ৫ শতাংশ হারে।

বাংলাদেশ পরিস্থিতি: এখন (২০১৩–১৪)
মাথাপিছু আয়
১১৯০ ডলার
স্থির মূল্যে জিডিপি প্রবৃদ্ধির হার
৬.১২%
মোট দেশজ সঞ্চয় জিডিপির
২৩.৪৫%
জাতীয় সঞ্চয় জিডিপির
৩০.৫৪%
মোট বিনিয়োগ জিডিপির
২৮.৬৯%
দারিদ্র্য হার
৩১.৫০%

এলডিসি থেকে উত্তরণ
মধ্যম আয়ের দেশ ও স্বল্পোন্নত দেশের মধ্যে পার্থক্য আছে। মধ্যম আয়ের দেশ হলেই কোনো দেশ স্বল্পোন্নত দেশের তালিকা থেকে বের হয়ে উন্নয়নশীল দেশ হবে না।
জাতিসংঘ অর্থনৈতিক ও সামাজিক সূচকের ভিত্তিতে বিশ্বের দেশগুলোকে তিন ভাগে ভাগ করে। যেমন, স্বল্পোন্নত দেশ (এলডিসি), উন্নয়নশীল ও উন্নত দেশ।
বাংলাদেশ একটি এলডিসি। এলডিসি ধারণাটি প্রথম আলোচনা হয় ১৯৬০ সালে। তবে প্রথম এলডিসির তালিকা করা হয় ১৯৭১ সালের ১৮ নভেম্বর। আর বাংলাদেশ এলডিসিতে অন্তর্ভুক্ত হয় ১৯৭৫ সালে।
জাতিসংঘের অর্থনৈতিক ও সামাজিক কাউন্সিলের (ইকোসোক) উন্নয়ন নীতিমালাবিষয়ক কমিটি বা কমিটি ফর ডেভেলপমেন্ট পলিসি (সিডিপি) তিনটি সূচকের ভিত্তিতে তিন বছর পর পর এলডিসির তালিকা করে। শেষটি করা হয় ২০১২ সালে। বর্তমানে এলডিসি ৪৮টি দেশ।

উত্তরণের তিন সূচক
মাথাপিছু আয়
তিন বছরের গড় মাথাপিছু আয় (জিএনআই)। ২০১২ সালের তালিকা অনুযায়ী ৯৯২ ডলারের কম মাথাপিছু আয় যাদের। বাংলাদেশকে ২০১৫ সালে এলডিসি থেকে বের হতে প্রয়োজন হবে ১২৪২ ডলার।
মানবসম্পদ
পুষ্টি, স্বাস্থ্য, স্কুলে ভর্তি ও শিক্ষার হারের সমন্বয়ে তৈরি।
অর্থনৈতিক ভঙ্গুরতা
প্রাকৃতিক দুর্যোগ, বাণিজ্য ও অর্থনৈতিক আঘাত, জনসংখ্যার পরিমাণ এবং বিশ্ববাজার থেকে দূরত্ব।
এই তিন সূচকের যেকোনো দুটি অর্জিত হলে একটি দেশ এলডিসি থেকে উত্তরণের আবেদন করতে পারে। আবার কেবল মাথাপিছু আয়ের ভিত্তিতেও একটি দেশ এলডিসি থেকে বের হতে পারে, তবে এ জন্য মূল্যায়নের বছরে মাথাপিছু আয় নির্ধারিত প্রয়োজনীয় আয়ের দ্বিগুণ হতে হবে।

এলডিসি বনাম মধ্যম আয়ের দেশ
মধ্যম আয়ের দেশ হওয়া একটি মর্যাদা। বিশ্বব্যাংক সাহায্য দেওয়ার সুবিধার জন্য এই শ্রেণীকরণটি করেছে। সুতরাং এর সঙ্গে জড়িত মূলত সাহায্য। এলডিসি জাতিসংঘের তালিকায় আছে। এর ফলে এই দেশগুলো উন্নত ও উন্নয়নশীল দেশ থেকে বাণিজ্যের ক্ষেত্রে বাজার-সুবিধা পেয়ে থাকে। সুতরাং এর সঙ্গে জড়িত বাজার-সুবিধা।",https://www.prothomalo.com/special-supplement/englishnewyear/%E0%A6%AE%E0%A6%A7%E0%A7%8D%E0%A6%AF%E0%A6%AE-%E0%A6%86%E0%A6%AF%E0%A6%BC%E0%A7%87%E0%A6%B0-%E0%A6%A6%E0%A7%87%E0%A6%B6%E0%A7%87%E0%A6%B0-%E0%A6%AA%E0%A6%A5%E0%A6%B0%E0%A7%87%E0%A6%96%E0%A6%BE,12/31/14,prothom alo,Yes,No,No
2014,আওয়ামী লীগ ,৩৬ বছর পর কোণঠাসা শিবির,৩৬ বছর পর কোণঠাসা শিবির,"৩৬ বছর পর চট্টগ্রাম মেডিক্যাল কলেজে সাংগঠনিকভাবে কোণঠাসা হয়ে পড়েছে ইসলামী ছাত্রশিবির। ১৯৭৮ সাল থেকে ক্যাম্পাসে নিয়মিত কমিটি থাকার পাশাপাশি ছাত্র সংসদ নির্বাচনেও অংশ নেয় সংগঠনটি। এ দীর্ঘ সময়ে এখানে শিবিরের দাপট কমেনি এতটুকুন। তবে গত এক বছরে দুটি ছাত্র সংসদ নির্বাচনে ছাত্রশিবির অংশ নেয়নি।

নেই কোনো প্রকাশ্য তৎপরতাও। অন্যদিকে বিএনপির আমলে ছাত্রদল ক্যাম্পাসে থাকলেও ছাত্রলীগ ছিল বিতাড়িত। আর আওয়ামী লীগ ক্ষমতায় এলে ক্যাম্পাস ছাড়া হয় ছাত্রদল।
খোঁজ নিয়ে জানা গেছে, চট্টগ্রাম মেডিক্যাল কলেজে (চমেক) মুক্তিযুদ্ধের পক্ষের প্রগতিশীল ছাত্র সংগঠনগুলোর ভালো অবস্থান থাকলেও ছাত্রশিবির কখনো ক্যাম্পাস ছাড়া ছিল না।

শিবির কখনো ছাত্রলীগের সঙ্গে আবার কখনো ছাত্রদলের সঙ্গে আঁতাত করে চমেকে সাংগঠনিক কার্যক্রম পরিচালনা করছে। তবে যুদ্ধাপরাধীদের বিচার কার্যক্রম শুরুর পর থেকে কোণঠাসা হতে থাকে শিবির। আওয়ামী লীগের নেতৃত্বাধীন মহাজোট সরকার গঠনের পর ক্যাম্পাস ছাড়েন বিএনপির ছাত্র সংগঠন ছাত্রদলের নেতা-কর্মীরা। ৫ জানুয়ারি নির্বাচনের পর আওয়ামী লীগ সরকার ক্ষমতায়।
এ নিয়ে টানা ছয় বছর ছাত্রদল ক্যাম্পাসে না থাকলেও শিবির আছে বহাল তবিয়তে। বর্তমানে ছাত্রলীগ ও ছাত্রশিবির ছাড়া অন্য কোনো ছাত্র সংগঠনের কমিটি নেই।

গত বছরের ৫ ফেব্রুয়ারি গণজাগরণ মঞ্চের আন্দোলন শুরুর পর কাদের মোল্লাসহ সকল যুদ্ধাপরাধীর সর্বোচ্চ শাস্তির দাবিতে চমেকেও বিভিন্ন কর্মসূচি পালন করে ছাত্রলীগ। ক্যাম্পাসে শিবিরকে বর্জন করার জন্য সাধারণ শিক্ষার্থীদের প্রতি আহ্বান জানায় ছাত্রলীগ। ওই সময় ছাত্রলীগের যুদ্ধাপরাধী ও জামায়াত-শিবির বিরোধী বিভিন্ন প্রচারণার কারণে ক্যাম্পাসে আস্তে আস্তে কোণঠাসা হতে থাকে শিবির।

এমনকি গত বছরের শেষ দিকে অনুষ্ঠিত ছাত্র সংসদ নির্বাচনে (২০১৩-১৪) অংশগ্রহণ থেকে বিরত থাকে শিবির।
সংশ্লিষ্টরা জানান, ১৯৭৮ সালের পর এই প্রথমবারের মতো ছাত্র সংসদ নির্বাচন থেকে ছাত্রশিবির বিরত থাকে। গত ২৭ নভেম্বর ২০১৪-১৫ ছাত্র সংসদ নির্বাচন হয়। ওই নির্বাচনেও শিবির অংশ নেয়নি। এছাড়া গত এক বছর ধরে ক্যাম্পাসে প্রকাশ্যে কোনো কর্মসূচিও নেই সংগঠনটির। অনেকে বলছেন, যুদ্ধাপরাধীদের বিচার ও গণজাগরণ মঞ্চের আন্দোলনের পর ছাত্রশিবির চমেকে সাংগঠনিকভাবে অস্তিত্ব হারাতে বসেছে।

জানা যায়, ২০১৪-১৫ ছাত্র সংসদ নির্বাচনে ছাত্রলীগ সমর্থিত মাহিদুর রহমান (ভিপি)-নাবিদ আনজুম তানভীর (জিএস) এর নেতৃত্বাধীন ২০ সদস্যের পরিষদ পূর্ণ প্যানেল বিজয়ী হয়। এ নিয়ে সর্বশেষ ৫টি সংসদ নির্বাচনে ছাত্রলীগ সমর্থিত প্যানেল বিজয়ী হয়েছে। তবে মহাজোট সরকার গঠনের পর প্রথম তিনটি নির্বাচনে আলাদাভাবে ছাত্রলীগ ও ছাত্রশিবির পূর্ণ প্যানেলে এবং ছাত্র ইউনিয়ন কয়েকটি পদে প্রার্থী দিয়েছিল। এর মধ্যে (২০১২-১৩) শিক্ষাবর্ষে ছাত্রশিবির মনোনয়নপত্র জমা দিলেও পরে প্রত্যাহার করে নেয়। ২০১০-১১, ২০১১-১২ নির্বাচনে শিবির ও ছাত্র ইউনিয়ন প্রতিদ্বন্দ্বিতা করলেও ছাত্রলীগ সব পদে বিজয়ী হয়।

চট্টগ্রাম মেডিক্যাল কলেজের অধ্যক্ষ অধ্যাপক ডা. সেলিম মোহাম্মদ জাহাঙ্গীর গতকাল কালের কণ্ঠকে বলেন, 'আমার জানা মতে দেশে সরকারি মেডিক্যাল কলেজের মধ্যে একমাত্র চট্টগ্রাম মেডিক্যাল কলেজে নিয়মিত ছাত্র সংসদ নির্বাচন অনুষ্ঠিত হচ্ছে। কলেজের সব ছাত্র সংগঠনকে প্রতি নির্বাচনে অংশগ্রহণের জন্য চিঠি দেওয়া হয়। এবারও এর ব্যতায় ঘটেনি। ছাত্রশিবির গত দুটি নির্বাচনে অংশ নেয়নি। তারা কি কারণে অংশ নেয়নি তা আমরা জানি না।'

বিনা প্রতিদ্বন্দ্বিতায় টানা দুবার ছাত্র সংসদ নির্বাচনে জয়লাভ প্রসঙ্গে চট্টগ্রাম মেডিক্যাল কলেজ ছাত্রলীগের সভাপতি নাসিরউদ্দিন পাটোয়ারী শুভ বলেন, 'ক্যাম্পাসে গত ৬ বছর ধরে ছাত্রদলের কোনো কমিটি নেই। এছাড়া প্রকাশ্যে কোনো তৎপরতা নেই ছাত্রদলের। ছাত্রশিবিরের কমিটি থাকলেও গত দুটি নির্বাচনে তারা অংশগ্রহণ করেনি। গণজাগরণ মঞ্চের আন্দোলনের পর শিবিরের ক্যাম্পাসে প্রকাশ্যে কোনো কর্মসূচি নেই। আবারো ভরাডুবির আশঙ্কায় মনে হয় শিবির নির্বাচনে অংশ নেওয়া থেকে দূরে রয়েছে। ছাত্রলীগ ছাড়া অন্য কোনো সংগঠন প্রতিদ্বন্দ্বিতা না করায় নির্বাচন কমিশন আমাদের সমর্থিত প্যানেলকে বিজয়ী ঘোষণা করেছে গত ২৭ নভেম্বর।'

সর্বশেষ দুটি ছাত্র সংসদ নির্বাচনে অংশ না নেওয়ার কথা স্বীকার করেছেন চমেক ইসলামী ছাত্রশিবিরের সভাপতি নুরুল ইসলাম। গতকাল বিকেলে তিনি বলেন, '১৯৭৮ সাল থেকে এ কলেজে আমাদের নিয়মিত কমিটি রয়েছে। এছাড়া ছাত্র সংসদ নির্বাচনগুলোতেও আমরা অংশগ্রহণ করে আসছি। কৌশলগত কারণে আমরা কিছুদিন ধরে কলেজে প্রকাশ্যে কর্মসূচি পালন করছি না। ক্যাম্পাসে একটি ছাত্র সংগঠনের একচ্ছত্র আধিপত্য রয়েছে। রাজনৈতিকভাবে সুযোগ না থাকায় আমরা আপাতত প্রকাশ্যে কর্মসূচিতে যাচ্ছি না।'

বিএনপি ক্ষমতায় থাকাকালীন ১৯৯৩-৯৪ শিক্ষাবর্ষে চমেক ছাত্র সংসদ নির্বাচনে ভিপি পদে বিজয়ী হয়েছিলেন বর্তমান মহানগর আওয়ামী লীগের স্বাস্থ্য বিষয়ক সম্পাদক ডা. ফয়সল ইকবাল চৌধুরী।

তিনি বলেন, 'সর্বশেষ ওই শিক্ষাবর্ষে ছাত্র সংসদ নির্বাচনে ছাত্রলীগ, ছাত্রদল, শিবিরসহ প্রগতিশীল বিভিন্ন ছাত্র সংগঠন অংশগ্রহণ করেছিল। এই প্যানেলসহ আগের ৬টিতে ছাত্রলীগ বিজয়ী হয়েছিল অন্য সংগঠনগুলোকে বিপুল ভোটে হারিয়ে। ১৯৯৩-৯৪ এর পর অনুষ্ঠিত ছাত্র সংসদ নির্বাচনগুলোতে ছাত্রলীগ অথবা ছাত্রদল ছিল। কিন্তু ছাত্র শিবির সব নির্বাচনে অংশ নিলেও এবারই প্রথম সংগঠনটি কোণঠাসা হয়ে পড়েছে।'",https://www.kalerkantho.com/print-edition/2nd-rajdhani/2014/11/30/156866,11/30/2014,কালের কণ্ঠ ,No,No,Yes